campaign_number,manufacturer,category,component,affected_systems,over_the_air_update,affected_vehicles_count,sample_vehicles,summary,consequence,remedy
19V575000,Ford Motor Company,"Gösterge Paneli, Ekran & HMI Donanımı",POWER TRAIN:AUTOMATIC TRANSMISSION:GEAR POSITION INDICATION (PRNDL),Instrument Cluster & HMI Display,HAYIR,1,Ford Explorer (2020),"Ford Motor Company (Ford) is recalling certain 2020 Explorer and Lincoln Aviator vehicles. The Manual Park Release (MPR) cover may not be installed.  In addition, the vehicles may be in Factory Mode, which disables warning alerts and does not display the transmission gear selected.  As such, these vehicles fail to comply with the requirements of Federal Motor Vehicle Safety Standard (FMVSS) numbers 114, ""Theft Prevention"" and 102, ""Trans Shift Lever Seq/Starter Interlock/Trans Braking Effect.""","Without the cover, the MPR lever may be unintentionally moved, allowing the vehicle to roll away.  Being in Factory Mode, the vehicle will not display warnings and/or gear selection on the instrument cluster.  Both conditions increase the risk of a crash.","Ford will notify owners, and dealers will inspect and, if necessary, install a MPR cover.  Dealers will verify the instrument cluster is not in Factory Mode and clear any fault codes, free of charge.  The recall began August 23, 2019.  Owners may contact Ford customer service at 1-866-436-7332.  Ford's number for this recall is 19C06."
19V684000,"BMW of North America, LLC",CAN-Bus & Ağ Haberleşme Arızaları,BACK OVER PREVENTION: SENSING SYSTEM: CAMERA,Instrument Cluster & HMI Display,HAYIR,1,Bmw 330I (2020),"BMW of North America, LLC (BMW) is recalling certain 2018 540d, 2018-2020 530i, 530i xDrive, 540i, 540i xDrive, M550i xDrive, M5, 530e, 530e xDrive, X3 sDrive, X3 xDrive, X3 M40i, X3 M, and 2019-2020 X4 xDrive, X4 M40i, X4 M, X7 xDrive, X7 M50i, 740Li, 740Li xDrive, 750Li, 750Li xDrive, 8 Series Convertible and Coupe 840i, 840i xDrive, M850i xDrive, X5 sDrive, X5 xDrive, X5 M50i, X6 xDrive, X6 M50i, 330i, 330i xDrive, M340i, M340i xDrive, Z4 sDrive, Z4 M40i, 740Le xDrive and 745Le xDrive, 2018-2019 640i xDrive Gran Turismo and Rolls-Royce Phantom, 2019 M850i xDrive Gran Coupe and Rolls-Royce Cullinan and 2020 Toyota Supra vehicles.  

The back-up camera and display settings can be adjusted such that the rear view image is no longer visible and the system will retain that setting the next time the vehicle is placed in reverse.  As such, these vehicles fail to comply with the requirements of Federal Motor Vehicle Safety Standard (FMVSS) number 111, ""Rearview Mirrors.""",The lack of an image in the back-up camera display increases the risk of a crash.,"BMW will notify owners, and dealers will update the back-up camera software, free of charge.  The recall began November 8, 2019.  Owners may contact BMW customer service at 1-800-525-7417 or Rolls-Royce at 1-877-877-3735.  Toyota owners may contact Toyota customer service at 1-888-270-9371."
19V687000,Ford Motor Company,"Fiziksel Tesisat, Soket & CAN Hat Korozyonu",ELECTRICAL SYSTEM:WIRING,Wiring Harness & Bus Physical Layer,HAYIR,1,Ford Explorer (2020),"Ford Motor Company (Ford) is recalling certain 2020 Ford Explorer vehicles equipped with 2.3L or 3.3L engines.  The wiring harness may not have been properly secured and may contact the air conditioner compressor (A/C) pulley, potentially damaging the harness or the A/C belt.","The A/C pulley may rub through the wiring harness insulation and contact the unfused battery positive wire, resulting in a short circuit, increasing the risk of a fire.","Ford will notify owners, and dealers will install a tie strap to the wiring harness at the hand shock tower clip, free of charge.  The recall began October 21, 2019.  Owners may contact Ford customer service at 1-866-436-7332.  Ford's number for this recall is 19S32."
19V850000,"BMW of North America, LLC",ECU / Gateway Yazılım & Kalibrasyon (OTA),EXTERIOR LIGHTING:HEADLIGHTS,,HAYIR,1,Bmw 330I (2020),"BMW of North America, LLC (BMW) is recalling certain 2020 Z4 M40i, Z4 sDrive30i, 330i and 330i xDrive vehicles as well as 2020 Toyota Supra vehicles.  The headlight control units may fail causing a loss of one or both of the headlights.","Headlight failure can reduce the driver's visibility, increasing the risk of a crash.","BMW will notify owners, and dealers will replace the headlight control units, free of charge.  The recall is expected to begin January 17, 2020.  Owners may contact BMW customer service at 1-800-525-7417 or Toyota customer service at 1-888-270-9371."
20V064000,Toyota Motor Engineering & Manufacturing,CAN-Bus & Ağ Haberleşme Arızaları,ENGINE AND ENGINE COOLING,,HAYIR,1,Toyota Rav4 (2020),"Toyota Motor Engineering & Manufacturing (Toyota) is recalling certain 2020 Toyota Avalon Hybrid, Camry, Camry Hybrid and  Lexus ES300h and 2019-2020 RAV4 and RAV4 Hybrid vehicles equipped with 2.5L 4-Cylinder engines.  Porosity in the engine castings may result in cracks than can allow coolant to leak internally and/or externally.","A coolant leak can cause the engine to overheat and cause a vehicle stall in conventional gasoline vehicles, increasing the risk of a crash. Additionally, for all involved vehicles, the engine may get damaged mechanically, possibly resulting in an engine oil leak, increasing the risk of a fire.","Toyota will notify owners, and dealers will inspect and replace the engine including the engine block, as necessary, free of charge.  The recall began April 3, 2020.  Owners may contact Toyota customer service at 1-888-270-9371 or Lexus at 1-800-255-3987.  Toyota's number for this recall is 20TA04.  Lexus' number for this recall is 20LA02."
20V164000,"BMW of North America, LLC",Otomotiv Elektrik & Güç Dağıtım Sistemleri,SEAT BELTS:FRONT:BUCKLE ASSEMBLY,,HAYIR,1,Bmw 330I (2020),"BMW of North America, LLC (BMW) is recalling certain 2020 X3 xDrive30e, X4 xDrive30i, X4 M40i, X4M, 330i, 330i xDrive, M340i, 840i Gran Coupe, 840i xDrive Gran Coupe, M850i xDrive Gran Coupe, M8 Gran Coupe, X3 sDrive30i, X3 xDrive30i, X3 M40i, X3M, and 840i xDrive Convertible vehicles.  The sensors in the front seat belt buckles may inaccurately detect a belted occupant as unbelted, possibly causing the air bag and seat belt pretensioners to deploy improperly in the event of a crash.","If the air bag and/or seat belt pretensioners deploy improperly in the event of a crash, there is an increased risk of injury to the driver and front passenger.","BMW will notify owners, and dealers will inspect and replace the front seat belt buckles, as necessary, free of charge.  The recall began May 18, 2020.  Owners may contact BMW customer service at 1-800-525-7417."
20V286000,Toyota Motor Engineering & Manufacturing,ECU / Gateway Yazılım & Kalibrasyon (OTA),SUSPENSION:FRONT:CONTROL ARM:LOWER ARM,,HAYIR,1,Toyota Rav4 (2020),"Toyota Motor Engineering & Manufacturing (Toyota) is recalling certain 2019-2020 RAV4 and RAV4 Hybrid vehicles.  The front lower suspension arms may have cracks, which may result in the suspension arm separating from the front wheel assembly.","If a suspension control arm breaks, it can result in a loss of vehicle control, increasing the risk of a crash.","Toyota will notify owners, and dealers will replace both front lower suspension arms, free of charge.  This recall began August 10, 2020.  Owners may contact Toyota customer service at 1-888-270-9371.  Toyota's interim numbers for this recall are 20TB08 / 20TA08."
20V355000,"BMW of North America, LLC",ECU / Gateway Yazılım & Kalibrasyon (OTA),STEERING:LINKAGES:TIE ROD ASSEMBLY,,HAYIR,1,Bmw 330I (2020),"BMW of North America, LLC (BMW) is recalling certain 2019 Z4 sDrive30i, 2019-2020 330i xDrive, M340i and M340i xDrive, 2020 X3M and X4M, and Toyota Supra vehicles.  In certain driving conditions, such as high temperatures and rough road surfaces, a steering gear tie rod may become damaged, possibly resulting in a fractured tie rod.","A damaged or fractured tie rod may affect vehicle handling and control, increasing the risk of a crash.","BMW and Toyota will notify owners, and dealers will replace the steering gear tie rods, free of charge.  The recall began August 14, 2020.  Owners may contact BMW customer service at 1-800-525-7417 or Toyota customer service at 1-888-270-9371."
20V373000,Toyota Motor Engineering & Manufacturing,ECU / Gateway Yazılım & Kalibrasyon (OTA),STEERING:ELECTRIC POWER ASSIST SYSTEM,Electronic Power Steering (EPS),HAYIR,1,Toyota Rav4 (2020),Toyota Motor Engineering & Manufacturing (Toyota) is recalling certain 2019-2020 RAV4 and 2020 RAV4 Hybrid vehicles equipped with electric power steering (EPS).  Water may enter through the steering gear box cover and cause a loss of electric power steering assist.,"A loss of power steering assist could increase steering effort at low vehicle speeds, increasing the risk of a crash.","Toyota will notify owners, and dealers will replace the power steering gear box, free of charge.  The recall began August 17, 2020.  Owners may contact Toyota customer service at 1-888-270-9371.  Toyota's number for this recall is 20TB11 / 20TA11."
20V490000,"BMW of North America, LLC",Otomotiv Elektrik & Güç Dağıtım Sistemleri,ELECTRICAL SYSTEM:12V/24V/48V BATTERY,High Voltage BMS & Power Distribution,HAYIR,1,Bmw X5 (2021),"BMW of North America, LLC (BMW) is recalling certain 2021 330e and X5 xDrive45e, 2020-2021 X3 xDrive30e, and 2020 MINI Countryman SE ALL4 vehicles.  Loose welding beads may form a conductive path between the hybrid battery cells which could lead to a short-circuit.",A short-circuited hybrid battery may increase the risk of a fire.,"BMW will notify owners, and dealers will inspect and, if necessary, replace the battery modules, free of charge.   BMW issued owners an interim notification on October 16, 2020.  Although potentially affected BMW owners received interim owner notification letters, all potentially affected BMW owner vehicles have been remedied; therefore, BMW Final owner notification letters will not be necessary.  Owners may contact BMW customer service at 1-800-525-7417."
20V497000,Ford Motor Company,Otomotiv Elektrik & Güç Dağıtım Sistemleri,AIR BAGS:CRITICAL FASTENERS,,HAYIR,1,Ford Explorer (2020),Ford Motor Company (Ford) is recalling certain 2020 Explorer and 2020 Lincoln Aviator vehicles.  The side air bag and/or seat back module attachments may not have been properly tightened in the front seat backs.,"If the side air bag or seat back fasteners were not properly tightened, the side air bag deployment could be affected, increasing the risk of injury during a crash.","Ford will notify owners, and dealers will remove front seat back panels from one or both front seats (VIN-specific) and verify that the fasteners have been properly tightened, free of charge.  The recall began September 10, 2020.  Owners may contact Ford customer service at 1-866-436-7332.  Ford's number for this recall is 20S48."
20V549000,Ford Motor Company,Otomotiv Elektrik & Güç Dağıtım Sistemleri,SEAT BELTS: REAR/OTHER:BUCKLE ASSEMBLY,,HAYIR,1,Ford Explorer (2020),Ford Motor Company (Ford) is recalling certain 2020 Explorer vehicles.  The affected vehicles are equipped with second row center seat belt buckles that may not be properly secured to the seat.,"Vehicles with seat belt buckles that are not properly secured may fail to restrain an occupant during a crash, increasing the risk of injury.","Ford will notify owners, and dealers will replace the second row center seat assembly, free of charge.  The recall began November 6, 2020.  Owners may contact Ford customer service at 1-866-436-7332.  Ford's number for this recall is 20S50."
20V575000,Ford Motor Company,"Gösterge Paneli, Ekran & HMI Donanımı",BACK OVER PREVENTION: SENSING SYSTEM: CAMERA,Instrument Cluster & HMI Display,HAYIR,1,Ford Explorer (2020),"Ford Motor Company (Ford) is recalling certain 2020 Ford F-150, F-250, F-350, F-450, F-550, Explorer, Mustang, Transit, Expedition, Escape, Ranger and Edge, and Lincoln Nautilus and Corsair vehicles.  Due to a poor electrical connection, the rearview camera may intermittently display a blank or distorted image.  As such, these vehicles fail to comply with the requirements of Federal Motor Vehicle Safety Standard (FMVSS) number 111, ""Rear Visibility.""",Reduced rearward visibility can increase the risk of a crash.,"Ford will notify owners, and dealers will replace the rearview camera, free of charge.  The recall began November 17, 2020.  Remedy became available on February 1, 2021.  Owner notification letters were mailed on February 1, 2021.  Owners may contact Ford customer service at 1-866-436-7332.  Ford's number for this recall is 20C19."
20V601000,"BMW of North America, LLC",Yüksek Voltaj (HV) & Batarya Yönetimi (BMS),ELECTRICAL SYSTEM:PROPULSION SYSTEM:TRACTION BATTERY,High Voltage BMS & Power Distribution,HAYIR,1,Bmw X5 (2021),"BMW of North America, LLC (BMW) is recalling certain 2020-2021 530e, 530e xDrive, 530e iPerformance and X3 xDrive30e and MINI Cooper Countryman All4 SE, 2020 BMW i8, and 2021 330e, 330e xDrive, 745Le xDrive and X5 xDrive45e vehicles.  Debris may have entered one or more of the hybrid battery cells during their production.","The debris could result in a short-circuit, increasing the risk of fire or injury.","BMW will inspect and, if necessary, replace the battery module free of charge.  The remedy is currently being developed.  Until the remedy is completed, drivers are instructed to not charge their vehicles.  Drivers are instructed to not drive in manual mode, sport mode, and to not use the shift paddles.  Owners were notified of the safety risk October 23, 2020.  The recall began November 24, 2020.  Owners may contact BMW customer service at 1-800-525-7417."
20V673000,"Mercedes-Benz USA, LLC.",CAN-Bus & Ağ Haberleşme Arızaları,SEATS,,HAYIR,1,Mercedes-Benz E350 (2021),"Mercedes-Benz USA, LLC. (MBUSA) is recalling certain 2021 E350 and E450, 2019-2021 AMG E53 and 2020-2021 AMG E63 vehicles.  The front passenger seat may be missing the mechanical seat adjustment range limit stop, allowing the seat to move outside of the acceptable range in relation to the air bag.","If the front passenger seat is adjusted beyond the acceptable range in relation to the air bag, there could be an increased risk of injury in the event of a crash with air bag deployment.","MBUSA will notify owners, and dealers will inspect for the mechanical seat adjustment range limitation for the front passenger seat and install it if necessary, free of charge.  The recall began December 18, 2020.  Owners may contact MBUSA customer service at 1-800-368-6372.  MBUSA's number for this recall is 2020110013."
20V682000,Toyota Motor Engineering & Manufacturing,ECU / Gateway Yazılım & Kalibrasyon (OTA),"FUEL SYSTEM, GASOLINE:DELIVERY:FUEL PUMP",,HAYIR,1,Toyota Rav4 (2020),"Toyota Motor Engineering & Manufacturing (Toyota) is recalling certain 2018-2019 4Runner, 2019-2020 Avalon, 2019 Corolla Hatchback, 2017-2019 Highlander, 2018-2020 Camry, 2020 Corolla, 2018-2019 Land Cruiser, 2017-2020 Tacoma, 2019-2020 RAV4, 2019-2020 Sequoia, 2017-2020 Sienna, 2019-2020 Tundra, 2018-2020 Lexus ES350, 2017 Lexus GS200t, 2017-2019 Lexus GS350, 2019 Lexus GS300, 2018-2020 Lexus LC500h, 2019-2020 Lexus LS500, 2018-2019 Lexus GX460, 2017 Lexus IS200t, 2019 Lexus IS300, 2019 Lexus IS350, 2018-2020 Lexus LC500, 2018 Lexus LS500, 2019 Lexus LS500h, 2018-2019 Lexus LX570, 2017 Lexus RC200t, 2019 Lexus RC300, RC350, 2017 and 2019-2020 Lexus RX350, 2018-2020 RX350L, 2019 Lexus UX200, 2018-2019 Lexus NX300 vehicles.  The low-pressure fuel pump inside the fuel tank may fail.","If the fuel pump fails, the engine can stall while driving, increasing the risk of a crash.","Toyota will notify owners, and dealers will replace the fuel pump assembly with an improved one, free of charge.  Owners of specific models were notified that remedy parts were available starting January 21, 2021.  Owners of other models will be notified as remedy parts become available.  Remedy parts should be available for all affected vehicles by late March 2021.  Owners may contact Toyota customer service at 1-888-270-9371 or Lexus customer service at 1-800-255-3987.  Note: This recall is an expansion of recall 20V-012.  Toyota's number for this recall is 20TA02.  Lexus' number for this recall is 20LA01."
20V716000,"Volkswagen Group of America, Inc.",ECU / Gateway Yazılım & Kalibrasyon (OTA),BACK OVER PREVENTION: SENSING SYSTEM: CAMERA,Instrument Cluster & HMI Display,HAYIR,1,Volkswagen Tiguan (2021),"Volkswagen Group of America, Inc. (Volkswagen) is recalling certain 2021 Atlas Cross Sport, Tiguan LWB, Jetta NF, Jetta GLI, Golf GTI, Atlas FL and Arteon vehicles.  The rear view camera could malfunction during an ignition cycle, leading to a black screen or infotainment system freeze.  As such, these vehicles fail to comply with the requirements of Federal Motor Vehicle Safety Standard number 111, ""Rear Visibility.""","A black or frozen rear view image reduces the driver's visibility when reversing, increasing the risk of a crash.","Volkswagen will notify owners, and dealers will update the infotainment system software, free of charge.  The recall began December 11, 2020.  Owners may contact Volkswagen customer service at 1-800-893-5298.  Volkswagen's number for this recall is 91BB/91BC."
20V734000,Toyota Motor Engineering & Manufacturing,ECU / Gateway Yazılım & Kalibrasyon (OTA),AIR BAGS:FRONTAL,Braking & Chassis Module; Electronic Power Steering (EPS); Wiring Harness & Bus Physical Layer,HAYIR,1,Toyota Rav4 (2020),"Toyota Motor Engineering & Manufacturing (Toyota) is recalling certain 2020-2021 Toyota Avalon and 2020 Avalon Hybrid, RAV4, and RAV4 Hybrid vehicles.  Breakaway pins within the steering column, designed to absorb energy and reduce injury during a crash, could have been damaged during production, possibly affecting the performance of the driver's air bag in the event of a crash.  As such, these vehicles fail to comply with the requirements of Federal Motor Vehicle Safety Standard number 208, ""Occupant Crash Protection.""","In the event of a crash, an air bag that does not perform as designed can increase the risk of injury.","Toyota will notify owners, and dealers will replace the steering column, free of charge.  The recall began December 18, 2020.  Owners may contact Toyota customer service at 1-800-331-4331.  Toyota's number for this recall is 20TB17/20TA17."
20V748000,Hyundai Motor America,CAN-Bus & Ağ Haberleşme Arızaları,"SERVICE BRAKES, HYDRAULIC:POWER ASSIST:ELECTRIC:CONTROL MODULE:SOFTWARE",,HAYIR,1,Hyundai Kona Electric (2021),"Hyundai Motor America (Hyundai) is recalling certain 2019-2020 Nexo Fuel Cell and 2019-2021 Kona Electric vehicles.  The Integrated Electronic Brake (IEB) system may detect an abnormal sensor signal and as a result, may significantly reduce braking performance.","Reduced braking power could lengthen the distance required to stop the vehicle, increasing the risk of a crash.","Hyundai will notify owners, and dealers will update the IEB software, free of charge.  The recall began January 25, 2021.  Owners may contact Hyundai customer service at 1-855-371-9460.  Hyundai's number for this recall is 199."
20V761000,"BMW of North America, LLC",CAN-Bus & Ağ Haberleşme Arızaları,ELECTRICAL SYSTEM:12V/24V/48V BATTERY,High Voltage BMS & Power Distribution,HAYIR,1,Bmw X5 (2021),"BMW of North America, LLC (BMW) is recalling certain 2021 M340i xDrive, M440i xDrive Coupe, 530i, 530i xDrive, 540i, 540i xDrive, 740Li, 740Li xDrive, 840i Gran Coupe, 840i xDrive Gran Coupe, X5 sDrive40i, X5 xDrive40i, X6 sDrive40i, X6 xDrive40i, and X7 xDrive40i vehicles.  The connection between the 48-Volt battery and the starter-generator may not have been assembled properly, which can cause increased electrical resistance at the connections.",Increased electrical resistance can increase the risk of a fire.,"BMW will notify owners, and dealers will inspect the connection between the 48-Volt battery and the starter-generator assembly, replacing it if necessary, free of charge.  The recall is expected to begin April 12, 2021.  Owners may contact BMW customer service at 1-800-525-7417."
20V792000,"General Motors, LLC",Otomotiv Elektrik & Güç Dağıtım Sistemleri,SEAT BELTS,,HAYIR,1,Chevrolet Silverado 1500 (2021),"General Motors, LLC (GM) is recalling certain 2019-2021 Chevrolet Silverado 1500 and GMC Sierra 1500, 2021 Chevrolet Suburban and Tahoe and GMC Yukon XL and 2020-2021 Chevrolet Silverado 2500 and 3500 and GMC Sierra 2500 and 3500 vehicles.   The seat belt brackets may not be secured to the seat frame in the front-row center seating position.","If a seat-belt bracket is not secured, the seat belt may not properly restrain an occupant in the front-row center seat position, increasing the risk of injury in a crash.","GM will notify owners, and dealers will inspect left-side and right-side front-row center seat-belt bracket attachments and reassemble it correctly as necessary, free of charge.  The recall began January 26, 2021.  Owners may contact GMC customer service at 1-800-462-8782, Chevrolet customer service at 1-800-222-1020.  GM's number for this recall is N202314670."
20V808000,"General Motors, LLC",CAN-Bus & Ağ Haberleşme Arızaları,"SERVICE BRAKES, HYDRAULIC:FOUNDATION COMPONENTS:DISC:CALIPER",,HAYIR,1,Chevrolet Bolt Ev (2020),"General Motors, LLC (GM) is recalling certain 2020 Chevrolet Bolt EV vehicles.  These vehicles may have an improperly cast front left brake caliper that can fracture during a high-pressure braking event.","If a brake caliper fractures and brake fluid is lost, the vehicle may experience reduced brake performance, increasing the risk of a crash.","GM will notify owners, and dealers will inspect the casting lot number on the front left brake caliper and replace it if necessary, free of charge.  The recall began January 29, 2021.  Owners may contact Chevrolet customer service at 1-800-222-1020.  GM's number for this recall is N202321400."
20V811000,"General Motors, LLC",CAN-Bus & Ağ Haberleşme Arızaları,SEAT BELTS,,HAYIR,2,Chevrolet Bolt Ev (2020); Chevrolet Silverado 1500 (2021),"General Motors, LLC (GM) is recalling certain 2020 Chevrolet Bolt EV and 2021 GMC Canyon and Sierra 1500, 2500 and 3500, Yukon, Yukon XL, Cadillac Escalade and Escalade ESV and Chevrolet Blazer, Camaro, Colorado, Equinox, Silverado 1500, 2500 and 3500, Suburban and Tahoe vehicles.  Incorrect bolts may have been used at one or more fastening locations to secure the seat belts to the vehicle.  If an incorrect bolt was used, the seat belt may not be properly attached to the vehicle.","If a seat belt assembly is not properly attached to the vehicle, the seat belt may not properly restrain an occupant in the event of a crash, increasing the risk of injury.","GM will notify owners, and dealers will replace the suspect bolts, free of charge.  The recall began January 29, 2021.  Owners may contact GMC customer service at 1-800-462-8785, Cadillac customer service at 1-800-458-8006, or Chevrolet customer service at 1-800-222-1020.  GM's number for this recall is N202322230."
21V00D000,"Tesla, Inc.","Gösterge Paneli, Ekran & HMI Donanımı",ELECTRICAL SYSTEM:WIRING: REAR COMPARTMENT/TRUNK,Instrument Cluster & HMI Display; Wiring Harness & Bus Physical Layer,HAYIR,1,Tesla Model 3 (2020),"Tesla, Inc. (Tesla) is recalling all 2017-2020 Model 3 vehicles.  The rearview camera cable harness may be damaged by the opening and closing of the trunk lid, preventing the rearview camera image from displaying.","A rearview camera that does not function reduces the driver's rear view, increasing the risk of a crash.","Tesla Service will inspect and install a guide protector and new cable harness as necessary, free of charge.  Owner notification letters were mailed April 24, 2022.  Owners may contact Tesla customer service at 1-877-798-3752.  Tesla's number for this recall is SB-21-17-008."
21V031000,"BMW of North America, LLC",CAN-Bus & Ağ Haberleşme Arızaları,STEERING:COLUMN,Electronic Power Steering (EPS),HAYIR,1,Bmw X5 (2021),"BMW of North America, LLC (BMW) is recalling certain 2021 X5 sDrive40i, X5 xDrive40i, X5M, X5 xDrive45e, X6 sDrive40i, X6 xDrive40i, X7 xDrive40i, X7 M50i vehicles.  The steering column shaft's universal joint connection may not have been tightened to specifications, and can become loose.","A loose steering column shaft universal joint connection can affect vehicle handling and control, increasing the risk of a crash.","BMW will notify owners, and dealers will inspect and, depending upon the inspection, either the bolt will be replaced and tightened to specifications, or the steering column shaft, universal joint, and bolt will be replaced and tightened to specifications, free of charge.  The recall began March 30, 2021.  Owners may contact BMW customer service at 1-800-525-7417."
21V037000,"Chrysler (FCA US, LLC)",CAN-Bus & Ağ Haberleşme Arızaları,"SERVICE BRAKES, HYDRAULIC:FOUNDATION COMPONENTS:MASTER CYLINDER",,HAYIR,1,Ram 1500 (2021),"Chrysler (FCA US, LLC) is recalling certain 2020-2021 Ram 1500 Classic SLT trucks.  Certain vehicles were built without the retaining clip that secures the master cylinder push rod to the brake pedal, which can cause the brake pedal to separate from the brake system.","A separated brake pedal can result in the driver being unable to apply the service brakes, increasing the risk of a crash.","Owners are advised to not drive their vehicles until they receive instructions on the inspection and repair, as necessary.  FCA US will notify owners, and dealers will inspect and install the push rod clip, free of charge.  The recall began February 9, 2021.  Owners may contact FCA US customer service at 1-800-853-1403.  FCA US number for this recall is Y04."
21V062000,"BMW of North America, LLC","Elektronik Şasi, Fren & Direksiyon Kontrolü","SERVICE BRAKES, HYDRAULIC",Braking & Chassis Module,HAYIR,1,Bmw X5 (2021),"BMW of North America, LLC (BMW) is recalling certain 2020-2021 8 Series Coupe, Grand Coupe and convertible 840i, 840i xDrive, M850i xDrive, M8 and 740 Li, 740 Li xDrive, 750 Li xDrive, M760 Li xDrive, X6 sDrive40i, X6 xDrive40i, X6 xdrive50i, X6 M50i, X6M, and 2019-2021 X5 sDrive40i, X5 xDrive40i, X5 xDrive50i, X5 M50i, X5M, X7 xDrive40i, X7 xDrive50i, X7 M50i, and 2021 M3, M3 Competition, M4 Coupe, M4 Competition Coupe, X5 xDrive45e, 745 Le xDrive.  The rotor and shaft within the integrated brake system may not have been welded properly and could separate during a hard braking event, possibly resulting in a loss of the Antilock Brake System (ABS) and braking assistance.",A loss of ABS and a reduction in braking assistance can increase the risk of a crash.,"BMW will notify owners, and dealers will replace the integrated brake system, free of charge.  Owner notification letters were mailed on May 25, 2021.  Owners may contact BMW customer service at 1-800-525-7417."
21V096000,"BMW of North America, LLC","Gösterge Paneli, Ekran & HMI Donanımı",BACK OVER PREVENTION: SENSING SYSTEM: CAMERA,Instrument Cluster & HMI Display; Wiring Harness & Bus Physical Layer,HAYIR,3,Bmw 330I (2020); Bmw 330I (2021); Bmw X5 (2021),"BMW of North America, LLC (BMW) is recalling certain 2019-2021 X3 sDrive30i, X3 xDrive30i, X3 M40i, X3M, X4 xDrive30i, X4 M40i, M550i, X4M, X5 sDrive40i, X5 xDrive40i, X5 xDrive50i, X5M, X5 M50i, X7 xDrive40i, X7 xDrive50i, X7 M50i, Alpina XB7, 330i, 330i xDrive, M340i, M340i xDrive, and 8 Series Coupe, Convertible and Grand Coupe, 840i, 840i xDrive, M850i xDrive, M8, 2020-2021 530e, 530e xDrive, 330e, 330e xDrive, 745Le, 745Le xDrive, X5 xDrive45e, X3 xDrive30e, X6 sDrive40i, X6 xDrive40i, X6 xDrive50i, X6 M50i, X6M, 530i, 530i xDrive, 540i, 540i xDrive, M550i xDrive, M5, 740i, 740Li, 740Li xDrive, M760i Drive, M760Li xDrive, 750Li xDrive Alpina, Alpina B7 xDrive, and 2021 4 Series Coupe 430i, 430i xDrive, M440i xDrive vehicles.

When shifting into Reverse, a small portion of the rearview image may be obscured, or the screen may not illuminate.  As such, these vehicles fail to comply with the requirements of Federal Motor Vehicle Safety Standard (FMVSS) number 111, ""Rear Visibility.""","If the driver relies on only the rearview camera image, the missing or reduced rearview image view can increase the risk of a crash or injury.","BMW will notify owners, and dealers will inspect the rearview camera software and update it if necessary, free of charge.  The recall began April 16, 2021.  Owners may contact BMW customer service at 1-800-525-7417."
21V216000,"Mercedes-Benz USA, LLC",CAN-Bus & Ağ Haberleşme Arızaları,SEATS,,HAYIR,1,Mercedes-Benz E350 (2021),"Mercedes-Benz USA, LLC (MBUSA) is recalling certain 2021 E350, E450, E450 Wagon, E63S AMG, 2020 E63S AMG Wagon, and 2020-2021 E53 AMG vehicles.  The passenger seat limiter may allow the seat to be positioned too close to the air bag.",A seat too close to the air bag increases the risk of injury in the event of a crash necessitating the deployment of the frontal passenger air bag.,"MBUSA will notify owners, and dealers will recalibrate the passenger seat limiter, free of charge.  The recall began April 29, 2021.  Owners may contact MBUSA customer service at 1-800-367-6372.  MBUSA's number for this recall is 2021040002."
21V228000,"Mercedes-Benz USA, LLC",CAN-Bus & Ağ Haberleşme Arızaları,BACK OVER PREVENTION: SENSING SYSTEM: CAMERA,Instrument Cluster & HMI Display,HAYIR,1,Mercedes-Benz E350 (2021),"Mercedes-Benz USA, LLC (MBUSA) is recalling certain 2021 E350, E450, E450 Wagon, and AMG E63 vehicles.  The parking control unit may fail to display the rearview camera image and cause the parking sensors to misidentify or fail to detect objects.","An inoperative rearview camera display and/or parking sensors can reduce the driver's view and awareness of what is behind the vehicle, increasing the risk of a crash.","All affected vehicles are still within MBUSA's control.  MBUSA will replace the parking control unit, free of charge.  The recall began April 8, 2021.  Owner may contact MBUSA customer service at 1-800-367-6372."
21V230000,"Mercedes-Benz USA, LLC",CAN-Bus & Ağ Haberleşme Arızaları,SEATS,,HAYIR,1,Mercedes-Benz E350 (2021),"Mercedes-Benz USA, LLC (MBUSA) is recalling certain 2021 C-Class, E-Class, E-Class Coupe and Convertible, GLC, CLS, AMG GT 4-door Coupe and G-Class vehicles.  Please refer to MBUSA's recall report for specific vehicle model details.  A faulty electrical contact within the seat position switch may prevent the driver and passenger air bags and seat belt force limiters from properly activating during a crash.",Air bags and seat belts that do not perform properly in a crash can increase the risk of injury.,"MBUSA will notify owners, and dealers will replace the seat position switches, free of charge.  Owner letters were mailed May 21, 2021.  Owners may contact MBUSA customer service at 1-800-367-6372.  MBUSA's number for this recall is 2021040016."
21V298000,"BMW of North America, LLC",Otomotiv Elektrik & Güç Dağıtım Sistemleri,SEAT BELTS:FRONT:BUCKLE ASSEMBLY,,HAYIR,1,Bmw 330I (2021),"BMW of North America, LLC (BMW) is recalling certain 2021 330i, 330i xDrive, M340i, M3, and 330e xDrive vehicles.   The bolt securing the seat belt assembly to the frame was not tightened to specification.","An improperly installed seat belt assembly may not restrain an occupant as expected, increasing the risk of injury.","BMW will notify owners, and dealers will inspect the front seat belt buckle assembly connection and, if necessary, replace it, free of charge.  Owner notification letters were mailed on June 25, 2021.  Owners may contact BMW customer service at 1-800-525-7417."
21V388000,"Tesla, Inc.",Otomotiv Elektrik & Güç Dağıtım Sistemleri,SEAT BELTS:REAR/OTHER:RETRACTOR,,HAYIR,1,Tesla Model Y (2021),"Tesla, Inc. (Tesla) is recalling certain 2019-2021 Model Y vehicles.  One or both fasteners that secure the left and right second row seat belt retractors may not be properly attached.","Improperly attached fasteners may prevent the seat belt retention system from performing as designed, increasing the risk of injury.","Tesla Service will inspect and replace both fasteners if necessary, free of charge.  Owner notification letters were mailed July 23, 2021.  Owners may contact Tesla customer service online by visiting www.tesla.com/support/contact or by calling 1-877-79-TESLA (or 1-877-798-3752).  Tesla's number for this recall is SB-21-20-002."
21V389000,"Tesla, Inc.",Otomotiv Elektrik & Güç Dağıtım Sistemleri,SEAT BELTS,,HAYIR,2,Tesla Model 3 (2020); Tesla Model Y (2021),"Tesla, Inc. (Tesla) is recalling certain 2018-2020 Model 3 and 2019-2021 Model Y vehicles.  One or both fasteners that secure the front seat shoulder belt to the b-pillar may not be properly attached.","An improperly attached fastener may prevent the seat belt system from performing as designed, increasing the risk of injury.","Tesla Service will inspect and repair both fasteners if necessary, free of charge.  Owner notification letters were mailed July 23, 2021.  Owners may contact Tesla customer service online by visiting www.tesla.com/support/contact or by calling 1-877-79-TESLA (or 1-877-798-3752).  Tesla's number for this recall is SB-21-20-001."
21V407000,Ford Motor Company,ECU / Gateway Yazılım & Kalibrasyon (OTA),STEERING:GEAR BOX (OTHER THAN RACK AND PINION),Wiring Harness & Bus Physical Layer,HAYIR,1,Ford F-150 (2021),"Ford Motor Company (Ford) is recalling certain 2021 F-150 vehicles.  The steering gear may have internal damage, which could result in difficulty steering, or the inability to rotate the steering wheel while driving.",Loss of steering control can increase the risk of a crash.,"Owners are advised to not drive their vehicles until the repair is complete.  Vehicles will be towed in for service, and dealers will remove and replace the steering gear, free of charge.  Owner notification letters were mailed on June 4, 2021. Owners may contact Ford customer service at 1-866-436-7332.  Ford's number for this recall is 21S28."
21V421000,"General Motors, LLC",CAN-Bus & Ağ Haberleşme Arızaları,AIR BAGS:SRS MALFUNCTION WARNING LAMP/LIGHT,Central Gateway (CGW),EVET,1,Chevrolet Corvette (2021),"General Motors, LLC (GM) is recalling certain 2021 Buick Envision, Cadillac CT4, CT5, Escalade, Escalade ESV, Chevrolet Tahoe, Corvette, Suburban, GMC Yukon, Yukon XL vehicles.  The communications gateway module incorrectly processes a loss of communication with the sensing diagnostic module (SDM), causing the air bag malfunction indicator light to inconsistently illuminate.","The air bag malfunction indicator light may fail to warn the driver of a problem with the air bag, increasing the risk of injury.","The communications gateway module software will be updated by a dealer, or through an over-the-air (OTA) update, free of charge.  Owner notification letters were mailed on July 1, 2021.  Owners may contact Buick customer service at 1-800-521-7300, Cadillac customer service at 1-800-458-8006, Chevrolet customer service at 1-800-222-1020, or GMC customer service at 1-800-462-8782. GM's number for this recall is N212338110."
21V438000,"Chrysler (FCA US, LLC)","Elektronik Şasi, Fren & Direksiyon Kontrolü",BACK OVER PREVENTION:DISPLAY FUNCTION,Instrument Cluster & HMI Display,HAYIR,1,Ram 1500 (2021),"Chrysler (FCA US, LLC) is recalling certain 2021 Ram 1500 vehicles equipped with a trailer reverse steering module (TRSCM).  The rearview camera image may not display.  As such, these vehicles fail to comply with the requirements of Federal Motor Vehicle Safety Standard number 111, ""Rear Visibility.""","A rearview camera that does not display an image reduces the driver's rear view, increasing the risk of a crash or injury.","Dealers will update the TRSCM software, free of charge.  Owner notification letters were mailed June 24, 2021.  Owners may contact FCA US, LLC customer service at 1-800-853-1403.  FCA, US, LLC's number for this recall is Y30.  This recall was superseded by recall number 21V-918."
21V483000,"Mercedes-Benz USA, LLC",CAN-Bus & Ağ Haberleşme Arızaları,SEAT BELTS:REAR/OTHER:RETRACTOR,,HAYIR,1,Mercedes-Benz E350 (2021),"Mercedes-Benz, LLC (MBUSA) is recalling certain 2021 G550, AMG G63, E350, E450, AMG CLS53, AMG E53, AMG GT43, AMG GT53, AMG GT63, 2021-2022 CLS450, and AMG E63 vehicles.  The rear seat belt automatic locking retractors may deactivate early, which can prevent the child restraint system from securing properly.  As such, these vehicles fail to comply with the requirements of Federal Motor Vehicle Safety Standard number 208, ""Occupant Crash Protection.""",An unsecured child restraint system can increase the risk of injury during a crash.,"Dealers will inspect, and replace as necessary, the rear seat belt assemblies, free of charge.  Owners notified of the voluntary recall campaign by an interim letter on August 13, 2021.  A final letter was mailed on September 24, 2021.  Owners may contact MBUSA customer service at 1-800-367-6372."
21V495000,"General Motors, LLC","Elektronik Şasi, Fren & Direksiyon Kontrolü",AIR BAGS:FRONTAL,Braking & Chassis Module,HAYIR,1,Chevrolet Silverado 1500 (2021),"General Motors, LLC. (GM) is recalling certain 2021 Chevrolet Silverado 1500 vehicles.  The front driver's side air bag module may be missing one or more metal tabs that secure the plastic air bag cover to the housing.","The missing tabs may prevent the air bag from deploying properly, increasing the risk of injury in a crash.","Dealers will inspect the driver frontal air bag, and replace it if necessary, free of charge.  Owner notification letters are expected to be mailed August 16, 2021.  Owners may contact Chevrolet customer service at 1-800-222-1020.  GM's number for this recall is N212336560."
21V517000,"General Motors, LLC","Elektronik Şasi, Fren & Direksiyon Kontrolü",AIR BAGS:FRONTAL,,HAYIR,2,Chevrolet Bolt Ev (2022); Chevrolet Bolt Euv (2022),"General Motors, LLC. (GM) is recalling certain 2022 Chevrolet Bolt EV and Bolt EUV vehicles.  One of the two fasteners that secure the driver's frontal air bag to the steering wheel may be missing or improperly tightened.","An improperly installed air bag may not deploy properly in a crash, increasing the risk of injury.","Dealers will inspect and replace as necessary, the driver-side air bag fasteners.  If the fasteners cannot be tightened properly, the air bag assembly will be replaced.  All repairs will be performed free of charge.  Owner notification letters were mailed on July 29, 2021.  Owners may contact Chevrolet customer service at 1-800-222-1020.  GM's number for this recall is N212340860."
21V554000,"BMW of North America, LLC",ECU / Gateway Yazılım & Kalibrasyon (OTA),SEAT BELTS,,HAYIR,1,Bmw 330I (2021),"BMW of North America, LLC (BMW) is recalling certain 2021 2 Series (230i, 230i xDrive, M240i, M240i xDrive), 330e, 330e Xdrive, 4 Series Coupe (430i, 430i xDrive, M440i xDrive) M4 Coupe, M4 Competition Coupe, BMW 4 Series Convertible (430i, M440i), BMW X1 sDrive28i, xDrive28i, 2 Series Gran Coupe (228i, 228i xDrive, M235i xDrive), M2 Competition Coupe, 330i, 330i xDrive, M340i, M340i xDrive, M3, M3 Competition, 530i, 530i xDrive, 540i, 540i xDrive, MINI Hardtop 2 Door (Cooper, CooperS, JCW), X2 sDrive28i, X2 xDrive28i, X2 M35i, Z4 sDrive30i, Z4 M40i, MINI Hardtop 2 Door (Cooper SE), MINI Convertible (Cooper, Cooper S, JCW), MINI Clubman (Cooper S, Cooper S All4, JCW), MINI Countryman (Cooper, Cooper All4, Cooper S, Cooper S All4, JCW All4), Rolls Royce Ghost, MINI Countryman (Cooper S E All4), Rolls Royce Phantom, Rolls Royce Cullinan, and Toyota Supra vehicles.  The passenger seat belt Automatic Locking Retractor (ALR) may deactivate early, before the webbing fully retracts.  As such, these assemblies fail to comply with the requirements of Federal Motor Vehicle Safety Standard number 208, ""Occupant Crash Protection.""","During a crash, a seat belt retractor that does not function as intended increases the risk of injury.","Dealers will inspect the seat belt retractors (including the seat belts) and, if necessary, replace the retractors, free of charge.   Owner notification letters were mailed on September 3, 2021.  Owners may contact BMW customer service at 1-800-525-7417; 1-866-825-1525 (MINI); 1-877-877-3735 (Rolls Royce); and 1-888-270-9371 (Toyota)."
21V577000,Kia Motors America,"Gösterge Paneli, Ekran & HMI Donanımı",ELECTRICAL SYSTEM: INSTRUMENT CLUSTER/PANEL,Instrument Cluster & HMI Display,HAYIR,1,Kia Telluride (2022),"Kia Motors America (Kia) is recalling certain 2022 Telluride vehicles.  The LCD display screen may remain blank after startup.  As such, these vehicles fail to comply with the requirements of Federal Motor Vehicle Safety Standard number 101, ""Control and Displays.""","A blank LCD display may be missing information, such as the digital speedometer, gear selection indicator, and odometer, which may increase the risk of a crash.","Dealers will update the instrument cluster's software, free of charge.  Owner notification letters were mailed August 3, 2021.  Owners may contact Kia customer service at 1-800-333-4542.  Kia's number for this recall is SC215."
21V595000,"Volkswagen Group of America, Inc.",Otomotiv Elektrik & Güç Dağıtım Sistemleri,STRUCTURE:INTERIOR PANELS:DASHBOARD,Wiring Harness & Bus Physical Layer,HAYIR,1,Audi E-Tron (2021),"Volkswagen Group of America, Inc. (Volkswagen) is recalling certain 2021 Audi E-Tron Quattro and E-Tron Sportback Quattro vehicles.  The right hinge pin for the glove box cover may not be properly secured, allowing the glove box lid trim to interfere with the knee air bag during deployment.",An air bag that does not deploy properly can increase the risk of injury in a crash.,"Dealers will inspect the glove box, and secure the hinge pin as necessary, free of charge.  Owner notification letters were mailed August 27, 2021.  Owners may contact Audi customer service at 1-800-253-2834.  Volkswagen's number for this recall is 68H6."
21V606000,"Volkswagen Group of America, Inc.",CAN-Bus & Ağ Haberleşme Arızaları,SEAT BELTS:REAR/OTHER:RETRACTOR,,HAYIR,4,Volkswagen Id.4 (2021); Audi E-Tron (2021); Audi Q5 (2021) (+1 diğer),"Volkswagen Group of America, Inc. (Volkswagen) is recalling certain 2021 Volkswagen ID4, Audi A4 Allroad, A4 Sedan, A5 Cabriolet, A5 Coupe, A5 Sportback, A6 Allroad, A6 Sedan, A7, A8, E-Tron Quattro, E-Tron Sportback Quattro, Q3, Q5, Q5 Sportback, Q7, Q8, RS5 Sportback, RS5 Coupe, RS6 Avant, RS7, RSQ8, S4 Sedan, S5 Cabriolet, S5 Coupe, S5 Sportback, S6 Sedan, S7, S8, SQ5, SQ5 Sportback, SQ7, SQ8, and 2021-2022 S3 Sedan vehicles.  The rear seat belt automatic locking retractors may deactivate early, which can prevent the child restraint system from securing properly.  As such, these vehicles fail to comply with the requirements of Federal Motor Vehicle Safety Standard number 208, ""Occupant Crash Protection.""",An unsecured child restraint system can increase the risk of injury during a crash.,"Dealers will inspect, and replace as necessary, the middle-rear seat belt assemblies, free of charge.  Owner notification letters were mailed August 27, 2021.  Owners may contact Volkswagen customer service at 1-800-893-5298 and Audi customer service at 1-800-253-2834.  Volkswagen's numbers for this recall are 69CR (VW) and 69CS (Audi)."
21V607000,"Volkswagen Group of America, Inc.",CAN-Bus & Ağ Haberleşme Arızaları,SEAT BELTS:REAR/OTHER:RETRACTOR,,HAYIR,1,Volkswagen Id.4 (2021),"Volkswagen Group of America, Inc. (Volkswagen) is recalling certain 2021 ID4 vehicles.  Incorrect rear outboard seat belt assemblies without an automatic locking retractor (ALR) function may have been installed, which can prevent the child restraint system from securing properly.  As such, these vehicles fail to comply with the requirements of Federal Motor Vehicle Safety Standard number 208, ""Occupant Crash Protection.""",An unsecured child restraint system can increase the risk of injury during a crash.,"Dealers will inspect, and replace as necessary, the rear outboard seat belt assemblies, free of charge.  Owner notification letters were mailed August 27, 2021.  Owners may contact Volkswagen customer service at 1-800-893-5298.  Volkswagen's number for this recall is 69CQ."
21V625000,Ford Motor Company,Otomotiv Elektrik & Güç Dağıtım Sistemleri,"FUEL SYSTEM, GASOLINE:DELIVERY:FUEL PUMP:CONTROL/DRIVE MODULE",,HAYIR,1,Ford Escape (2021),"Ford Motor Company (Ford) is recalling certain 2021 Escape, Lincoln Corsair, and 2021-2022 Bronco Sport vehicles.  The fuel delivery module may leak inside the fuel tank, causing low fuel pressure which could result in an engine stall.",An engine stall increases the risk of a crash.,"Dealers will replace the fuel delivery module, free of charge.  Interim notification letters (remedy not available) were mailed on September 30, 2021.  Owner notification letters were mailed on December 14, 2021.  Owners may contact Ford customer service at 1-866-436-7332.  Ford's number for this recall is 21S38."
21V650000,"General Motors, LLC",Yüksek Voltaj (HV) & Batarya Yönetimi (BMS),ELECTRICAL SYSTEM:PROPULSION SYSTEM:TRACTION BATTERY,High Voltage BMS & Power Distribution,HAYIR,3,Chevrolet Bolt Ev (2020); Chevrolet Bolt Ev (2022); Chevrolet Bolt Euv (2022),"General Motors, LLC (GM) is recalling certain 2020-2022 Chevrolet Bolt EV and 2022 Chevrolet Bolt EUV vehicles.  The high voltage battery could catch fire when charged to full or nearly full capacity.",A battery fire increases the risk of injury.,"Owners are advised to take the following interim steps:  Set the Target Charge Level feature in their vehicle to limit the charge level to 90%, charge their vehicle more frequently, avoid depleting the battery to 70 miles range remaining, park outside after charging, and do not charge the vehicle indoors overnight.  Defective battery modules will be replaced by GM, free of charge.  Owner notification letters were mailed on October 1, 2021 and June 23, 2023.  Owners may contact the Bolt EV Concierge Team at 1-833-382-4389.  This recall is an expansion of NHTSA recall 21V-560.  GM's number for this recall is N212345940."
21V682000,"Volvo Car USA, LLC",CAN-Bus & Ağ Haberleşme Arızaları,SEAT BELTS:FRONT:RETRACTOR,,HAYIR,2,Volvo Xc90 (2021); Volvo Xc60 (2022),"Volvo Car USA, LLC (Volvo Car) is recalling certain 2021 XC40, XC 40 Recharge, V60CC, V90, V90CC, XC90, and 2021-2022 V60, XC60, S60 vehicles.  The seat belt automatic locking retractors may deactivate early, which can prevent the child restraint system from securing properly.  As such, these vehicles fail to comply with the requirements of Federal Motor Vehicle Safety Standard number 208, ""Occupant Crash Protection.""",An unsecured child restraint system can increase the risk of injury during a crash.,"Dealers will inspect and replace the seat belt assemblies, as necessary, free of charge.  Owner notification letters were mailed October 13, 2021.  Owners may contact Volvo Car customer service at 1-888-458-1552.  Volvo Car's number for this recall is R10111."
21V707000,"Volkswagen Group of America, Inc.","Elektronik Şasi, Fren & Direksiyon Kontrolü","SERVICE BRAKES, HYDRAULIC",Braking & Chassis Module; Instrument Cluster & HMI Display,HAYIR,1,Audi E-Tron (2021),"Volkswagen Group of America, Inc. (Audi) is recalling certain 2021 Audi E-Tron Quattro and E-Tron Sportback Quattro vehicles.  Corrosion in the brake booster may cause the Anti-Lock Brake System (ABS), Electronic Stability Control (ESC), speedometer display, and brake assist to stop functioning.","A loss of braking assist, ABS, and ESC will increase the effort and distance required to stop, increasing the risk of a crash.","Dealers will replace the brake booster, free of charge.  Owner notification letters were mailed September 30, 2021.  Owners may contact Audi customer service at 1-800-253-2834.  Audi's number for this recall is 47R7."
21V735000,Ford Motor Company,ECU / Gateway Yazılım & Kalibrasyon (OTA),BACK OVER PREVENTION:SOFTWARE,Instrument Cluster & HMI Display,HAYIR,1,Ford Explorer (2020),"Ford Motor Company (Ford) is recalling certain 2020-2021 Explorer, Lincoln Corsair, and Lincoln Aviator vehicles equipped with 360-degree cameras.  The video output may fail, preventing the rearview camera image from displaying.","A rearview camera that does not display an image reduces the driver's rear view, increasing the risk of a crash.","Dealers will update the Image Processing Module (IPMB) software, free of charge.  Owner notification letters were mailed November 16, 2021.  Owners may contact Ford customer service at 1-866-436-7332.  Ford's number for this recall is 21S44."
21V805000,Ford Motor Company,CAN-Bus & Ağ Haberleşme Arızaları,AIR BAGS:SENSOR:SIDE IMPACT,,HAYIR,1,Ford F-150 (2021),"Ford Motor Company (Ford) is recalling certain 2022 Super Duty F-250, F-350, 2021 F-150, Expedition, and Lincoln Navigator vehicles.  The front-door side impact pressure sensor modules may have been damaged during supplier assembly, which can cause the side impact air bags to not deploy properly in a crash.  As such, these vehicles fail to comply with the requirements of Federal Motor Vehicle Safety Standard number 214, ""Side Impact Protection.""",An air bag that does not deploy properly during a crash increases the risk of injury.,"Dealers will replace the driver and passenger front door side impact sensors, free of charge.  Owner notification letters were mailed November 3, 2021.  Owners may contact Ford customer service at 1-866-436-7332.  Ford's number for this recall is 21C26."
21V825000,"Volkswagen Group of America, Inc.",ECU / Gateway Yazılım & Kalibrasyon (OTA),BACK OVER PREVENTION: SENSING SYSTEM: CAMERA,Instrument Cluster & HMI Display,HAYIR,1,Audi E-Tron (2022),"Volkswagen Group of America, Inc. (Audi) is recalling certain 2021 Audi A8 and S8, 2022 Audi A5 Sportback, A4 Sedan, E-Tron GT, Q3, Q5, RS6 Avant, A3 Sedan, S5 Sportback, Q5 Sportback, Q7, Q8, RSQ8, SQ7, SQ8, and S3 Sedan vehicles.  A software error may prevent the rear-view image from initially displaying when the vehicle begins to reverse.  As such, these vehicles fail to comply with the requirements of Federal Motor Vehicle Safety Standard number 111, ""Rear Visibility.""","A rear-view camera that does not display an image reduces the driver's rear view, increasing the risk of a crash.","Dealers will update the infotainment unit parameters, free of charge.  Owner notification letters were mailed November 9, 2021.  Owners may contact Audi customer service at 1-800-253-2834.  Audi's number for this recall is 91CR."
21V834000,"Tesla, Inc.",Otomotiv Elektrik & Güç Dağıtım Sistemleri,AIR BAGS:SIDE/WINDOW:CURTAIN,,HAYIR,3,Tesla Model 3 (2020); Tesla Model 3 (2021); Tesla Model 3 (2023),"Tesla, Inc. (Tesla) is recalling certain 2020-2021, 2023 Model 3 vehicles.  The left and/or right side curtain air bag may have been improperly secured to the roof rail, which could result in a twisted air bag.  As such, these vehicles fail to comply with the requirements of Federal Motor Vehicle Safety Standard numbers 214, ""Side Impact Protection"" and 226, ""Ejection Mitigation.""","A twisted side curtain air bag may improperly deploy, increasing the risk of injury or occupant ejection during a crash.","Tesla Service will inspect and realign the left and right side curtain air bag as necessary, free of charge.  Owner notification letters were mailed December 23, 2021.  Owners may contact Tesla customer service at 1-877-798-3752.  Tesla's number for this recall is SB-21-20-006."
21V846000,"Tesla, Inc.",CAN-Bus & Ağ Haberleşme Arızaları,FORWARD COLLISION AVOIDANCE: SENSING SYSTEM: CAMERA,ADAS & Autonomous Driving Sensors,EVET,4,Tesla Model 3 (2020); Tesla Model 3 (2021); Tesla Model Y (2021) (+1 diğer),"Tesla, Inc. (Tesla) is recalling certain 2017-2021 Model S, Model 3, Model X, and 2020-2021 Model Y vehicles operating software version 2021.36.5.2.  A communication error may cause false forward-collision warning (FCW) or unexpected activation of the automatic emergency brake (AEB) system.","Unexpected activation of the AEB system may cause the car to stop suddenly, increasing the risk of a crash.","Tesla Service has released an over-the-air (OTA) software update, free of charge.  The recall began October 25, 2021.  Owners may contact Tesla customer service at 1-877-798-3752.  Tesla's number for this recall is SB-21-00-004."
21V852000,"Volkswagen Group of America, Inc.",CAN-Bus & Ağ Haberleşme Arızaları,STEERING:GEAR BOX (OTHER THAN RACK AND PINION),Wiring Harness & Bus Physical Layer,HAYIR,1,Volkswagen Id.4 (2021),"Volkswagen Group of American, Inc. (Volkswagen) is recalling one 2021 ID.4 vehicle.  The steering gear may have an incorrectly assembled or missing drive bushing.","An incorrectly assembled or missing drive bushing may cause a loss of steering control, increasing the risk of a crash.","A dealer will replace the steering gear, free of charge.  Owner notification letters were mailed November 5, 2021.  Owners may contact Volkswagen customer service at 1-800-893-5298.  Volkswagen's number for this recall is 48Q7."
21V869000,Ford Motor Company,Yüksek Voltaj (HV) & Batarya Yönetimi (BMS),ELECTRICAL SYSTEM:PROPULSION SYSTEM:TRACTION BATTERY,High Voltage BMS & Power Distribution,HAYIR,1,Ford Escape (2021),"Ford Motor Company (Ford) is recalling one 2021 Escape vehicle equipped with a 2.5L hybrid powertrain.  The high voltage battery may fail, resulting in a sudden loss of drive power.",A sudden loss of drive power increases the risk of a crash.,"A dealer will replace the high voltage battery, free of charge.  The owner notification letters were mailed December 1, 2021.  Owners may contact Ford customer service at 1-866-436-7332.  Ford's number for this recall is 21S48."
21V918000,"Chrysler (FCA US, LLC)","Elektronik Şasi, Fren & Direksiyon Kontrolü",BACK OVER PREVENTION:DISPLAY FUNCTION,Instrument Cluster & HMI Display,HAYIR,1,Ram 1500 (2021),"Chrysler (FCA US, LLC) is recalling certain 2021 Ram 1500 pickup trucks.  The Trailer Reverse Steering Control Module (TRSCM) may prevent the rearview image from displaying.  As such, these vehicles fail to comply with the requirements of Federal Motor Vehicle Safety Standard number 111, ""Rear Visibility.""","A rearview camera that does not display an image reduces the driver's rear view, increasing the risk of a crash.","Dealers will update the TRSCM software.  Interim owner notification letters were mailed on January 19, 2022.  Owner notification letters were mailed on February 22, 2022.  Owners may contact FCA US, LLC customer service at 1-800-853-1403.  FCA US, LLC's number for this recall is Y80. This recall was superseded by 23V-059."
21V922000,Ford Motor Company,CAN-Bus & Ağ Haberleşme Arızaları,"SERVICE BRAKES, HYDRAULIC:FOUNDATION COMPONENTS:DISC:CALIPER",,HAYIR,1,Ford Escape (2021),"Ford Motor Company (Ford) is recalling certain 2021-2022 Bronco Sport and Escape vehicles.  The rear brake linings may have been manufactured incorrectly, which can affect braking performance.  As such, these vehicles fail to comply with the requirements of Federal Motor Vehicle Safety Standard number 135, ""Light Vehicle Brake Systems.""","During certain situations, the driver may have to apply more brake pedal force, and the distance required to stop the vehicle may be extended, increasing the risk of a crash.","Dealers will replace the front brake pads, free of charge.   Owner notification letters were mailed August 17, 2022.  Owners may contact Ford customer service at 1-866-436-7332.  Ford's number for this recall is 21C31."
21V925000,"Chrysler (FCA US, LLC)",CAN-Bus & Ağ Haberleşme Arızaları,AIR BAGS:SIDE/WINDOW:CURTAIN,,HAYIR,1,Ram 1500 (2021),"Chrysler (FCA US, LLC) is recalling certain 2021-2022 Ram 2500, Ram 3500, and 2021 Ram 1500 Classic pickup trucks.  The side air bag inflatable curtain (SABIC) assemblies may have been manufactured with the incorrect amount of compressed gas, which can result in an improper air bag deployment.",An air bag that deploys improperly can increase the risk of injury in a crash.,"Dealers will replace the SABIC assemblies, free of charge.  Owner notification letters were mailed January 17, 2022.  Owners may contact FCA US, LLC customer service at 1-800-853-1403.  FCA US, LLC's number for this recall is Y99."
21V938000,Hyundai Motor America,ECU / Gateway Yazılım & Kalibrasyon (OTA),ELECTRICAL SYSTEM:SOFTWARE,,HAYIR,1,Hyundai Tucson (2022),"Hyundai Motor America (Hyundai) is recalling certain 2022 Tucson vehicles.  The software installed in the Integrated Central Control Unit (ICU) may be incompatible with the vehicle, which could result in inoperative headlights and/or taillights.","Inoperative headlights or taillights can decrease visibility for both the driver and surrounding traffic, increasing the risk of a crash.","Dealers updated the ICU software, free of charge.  All affected vehicles have been repaired and therefore no owner notification letters will be mailed.  Owners may contact Hyundai customer service at 1-855-371-9460.  Hyundai's number for this recall is 214."
21V947000,"Volkswagen Group of America, Inc.",Gövde Elektroniği & Aydınlatma Kontrolü (BCM),ELECTRICAL SYSTEM:BODY CONTROL MODULE/BCM,Central Gateway (CGW); Body Control Module (BCM),HAYIR,1,Audi Q5 (2021),"Volkswagen Group of America, Inc. (Audi) is recalling certain 2021-2022 Q5 Sportback, SQ5 Sportback, 2018-2022 Q5, and SQ5 vehicles.  A liquid spill in the rear seat, or water ingress from an insufficient body seam underneath the vehicle may allow liquid to penetrate the gateway control module, causing it to shutdown.","A gateway control module shutdown will suddenly reduce engine power, increasing the risk of a crash.","Dealers will install a protective cover on the gateway control module and seal an underbody seam as necessary, free of charge.  Owner notification letters were mailed January 21, 2022.  Owners may contact Audi customer service at 1-800-253-2834.  Audi's number for this recall is 90S9."
21V985000,"General Motors, LLC",CAN-Bus & Ağ Haberleşme Arızaları,TIRES:TEMPORARY/EMERGENCY SPARE TIRE,Braking & Chassis Module,HAYIR,1,Chevrolet Silverado 1500 (2021),"General Motors (GM) is recalling certain 2019-2021 GMC Sierra 1500 and Silverado 1500 vehicles equipped with certain accessory road tires and a 17"" spare tire.  The 17"" spare tire provided with the vehicle is not compatible for use with the accessory wheels, which can cause the anti-lock brake system (ABS) to not function properly under certain conditions.",An ABS system that does not function properly can increase the risk of a crash.,"Dealers will provide a new 17"" spare tire and wheel assembly that is compatible with the accessory wheels, free of charge.   Dealers will also apply a new spare tire information label, and provide owners with an owner's manual insert clarifying which spare tire to use with the accessory road tires and with the 17"" original tires.  Owner notification letters were mailed February 7, 2022.  Owners may contact GM customer service at 1-800-462-8782 or GMC customer service at 1-800-462-8782.  GM's number for this recall is N212346510."
22V037000,"Tesla, Inc.",ECU / Gateway Yazılım & Kalibrasyon (OTA),ELECTRICAL SYSTEM:ADAS:AUTONOMOUS/SELF DRIVING:SOFTWARE,ADAS & Autonomous Driving Sensors,EVET,7,Tesla Model 3 (2020); Tesla Model 3 (2021); Tesla Model 3 (2022) (+4 diğer),"Tesla, Inc. (Tesla) is recalling certain 2016-2022 Model S and Model X, 2017-2022 Model 3, and 2020-2022 Model Y vehicles.  The ""rolling stop"" functionality available as part of the Full Self-Driving (Beta) software may allow the vehicle to travel through an all-way stop intersection without first coming to a stop.",Failing to stop at a stop sign can increase the risk of a crash.,"Tesla will perform an over-the-air (OTA) software update that disables the ""rolling stop"" functionality, free of charge.  Owner notification letters were mailed March 28, 2022.  Owners may contact Tesla customer service at 1-877-798-3752.  Tesla's number for this recall is SB-22-00-001."
22V045000,"Tesla, Inc.",ECU / Gateway Yazılım & Kalibrasyon (OTA),ELECTRICAL SYSTEM:SOFTWARE,,EVET,7,Tesla Model 3 (2020); Tesla Model 3 (2021); Tesla Model 3 (2022) (+4 diğer),"Tesla, Inc. (Tesla) is recalling certain 2021-2022 Model S and Model X, 2017-2022 Model 3, and 2020-2022 Model Y vehicles.  The audible chime may not activate when the vehicle starts and the driver has not buckled their seat belt.  As such, these vehicles fail to comply with the requirements of Federal Motor Vehicle Safety Standard number 208, ""Occupant Crash Protection.""","The driver may be unaware that their seat belt is not fastened, increasing the risk of injury during a crash.","Tesla will perform an over-the-air (OTA) software update, free of charge.  Owner notification letters were mailed April 1, 2022.  Owners may contact Tesla customer service at 1-877-798-3752.  Tesla's number for this recall is SB-22-00-002."
22V050000,"Tesla, Inc.",ECU / Gateway Yazılım & Kalibrasyon (OTA),ELECTRICAL SYSTEM:SOFTWARE,,EVET,6,Tesla Model 3 (2021); Tesla Model 3 (2022); Tesla Model Y (2021) (+3 diğer),"Tesla, Inc. (Tesla) is recalling certain 2021-2022 Model 3, Model S, Model X, and 2020-2022 Model Y vehicles.  A software error may cause a valve in the heat pump to open unintentionally and trap the refrigerant inside the evaporator, resulting in decreased defrosting performance.  As such, these vehicles fail to comply with the requirements of Federal Motor Vehicle Safety Standard number 103, ""Windshield Defrosting and Defogging Systems.""","Decreased defrosting performance may reduce the driver's visibility, increasing the risk of a crash.","Tesla will perform an over-the-air (OTA) software update, free of charge.  Owner notification letters were mailed April 1, 2022.  Owners may contact Tesla customer service at 1-877-798-3752.  Tesla's number for this recall is SB-22-18-002."
22V063000,"Tesla, Inc.",ECU / Gateway Yazılım & Kalibrasyon (OTA),ELECTRICAL SYSTEM:SOFTWARE,,EVET,7,Tesla Model 3 (2020); Tesla Model 3 (2021); Tesla Model 3 (2022) (+4 diğer),"Tesla, Inc. (Tesla) is recalling certain 2020-2022 Model S, Model X, Model Y, and 2017-2022 Model 3 vehicles.  The Boombox function allows sounds to be played through an external speaker while the vehicle is in motion, which may obscure the Pedestrian Warning System (PWS) sounds.  As such, these vehicles fail to comply with the requirements of Federal Motor Vehicle Safety Standard number 141, ""Minimum Sound Requirements for Hybrid and Electric Vehicles.""","Pedestrians may be unaware of an approaching vehicle if the PWS sounds are obscured, increasing the risk of a crash.","Tesla will perform an over-the-air (OTA) software update that will disable the Boombox functionality when the vehicle is in Drive, Neutral and Reverse modes, free of charge.  Owner notification letters are expected to be mailed April 5, 2022.  Owners may contact Tesla customer service at 1-877-798-3752.  Tesla's number for this recall is SB-22-00-003.  Note: This recall has been superseded by Recall 22V-235.  Tesla's number for the new recall is SB-22-00-003."
22V091000,"General Motors, LLC",CAN-Bus & Ağ Haberleşme Arızaları,POWER TRAIN:DRIVELINE:DRIVESHAFT,,HAYIR,1,Chevrolet Corvette (2021),"General Motors, LLC (GM) is recalling certain 2021-2022 Chevrolet Corvette vehicles.  The rear half-shaft assemblies may be missing one or more ball bearings, which can result in a loss of drive power.",An unexpected loss of drive power increases the risk of a crash.,"Dealers will replace the left or right rear half-shaft assemblies, as necessary, free of charge.  Owner notification letters are expected to be mailed April 4, 2022.  Owners may contact Chevrolet customer service at 1-800-222-1020.  GM's number for this recall is N212351320."
22V149000,Ford Motor Company,Yüksek Voltaj (HV) & Batarya Yönetimi (BMS),ELECTRICAL SYSTEM:PROPULSION SYSTEM:TRACTION BATTERY,High Voltage BMS & Power Distribution,HAYIR,1,Ford Escape (2021),"Ford Motor Company (Ford) is recalling certain 2022 Corsair and 2021-2022 Escape vehicles equipped with a 2.5L Hybrid powertrain.  The high voltage battery may fail, resulting in a sudden loss of drive power.",A sudden loss of drive power increases the risk of a crash.,"Dealers will replace the high voltage battery, free of charge.  Owner notification letters were mailed March 28, 2022.  Owners may contact Ford customer service at 1-866-436-7332.  Ford's number for this recall is 21S48."
22V152000,"Volkswagen Group of America, Inc.","Fiziksel Tesisat, Soket & CAN Hat Korozyonu",AIR BAGS:SIDE/WINDOW,Wiring Harness & Bus Physical Layer,HAYIR,1,Volkswagen Atlas (2022),"Volkswagen Group of America, Inc. (Volkswagen) is recalling certain 2019-2020 Atlas, 2020-2023 Atlas Cross Sport, and 2021-2023 Atlas FL vehicles.  The door wiring harness electrical contacts may corrode, disrupting the electrical connection and delaying the deployment of the driver or passenger front side air bag during a side impact crash.",A delayed air bag deployment can increase the risk of injury.,"Dealers will secure and, as necessary, replace any the front door wiring harnesses showing a fault code, free of charge.  Owner notification letters were mailed June 20, 2022.  Owners may contact Volkswagen customer service at 1-800-893-5298.  Volkswagen's number for this recall is 97GF."
22V162000,"Volkswagen Group of America, Inc.",Yüksek Voltaj (HV) & Batarya Yönetimi (BMS),ELECTRICAL SYSTEM:PROPULSION SYSTEM:TRACTION BATTERY,High Voltage BMS & Power Distribution,HAYIR,1,Volkswagen Id.4 (2021),"Volkswagen Group of America, Inc. (Volkswagen) is recalling certain 2021 ID4 vehicles.  Incorrect soldering of the flexible printed circuit assembled (FPCA), inside the high voltage (HV) battery, may cause an unreliable connection.","An unreliable battery connection may cause a stall, increasing the risk of a crash.","Dealers will replace the battery cell modules, free of charge.  Owner notification letters were mailed December 6, 2022.  Owners may contact Volkswagen customer service at 1-800-893-5298.  Volkswagen's number for this recall is 9302."
22V169000,"Tesla, Inc.",ECU / Gateway Yazılım & Kalibrasyon (OTA),BACK OVER PREVENTION:DISPLAY FUNCTION,Instrument Cluster & HMI Display,EVET,1,Tesla Model 3 (2020),"Tesla, Inc. (Tesla) is recalling certain 2018-2019 Model S, Model X, and 2017-2020 Model 3 vehicles equipped with Autopilot Computer 2.5 and operating certain firmware releases.  The rearview image may not immediately display when the vehicle begins to reverse.  As such, these vehicles fail to comply with the requirements of Federal Motor Vehicle Safety Standard number 111, ""Rear Visibility.""","A delayed rearview camera image reduces the driver's rear view, increasing the risk of a crash.","Tesla will perform an over-the-air (OTA) software update, free of charge.  Owner notification letters were mailed May 17, 2022.  Owners may contact Tesla customer service at 1-877-798-3752.  Tesla's number for this recall is SB-22-00-004."
22V188000,Ford Motor Company,Otomotiv Elektrik & Güç Dağıtım Sistemleri,POWER TRAIN:AUTOMATIC TRANSMISSION:CONTROL MODULE (TCM/PCM/TECM),Powertrain Control Module (PCM),HAYIR,1,Ford F-150 (2021),Ford Motor Company (Ford) is recalling certain 2021 F-150 vehicles.  The Diagnostic Trouble Code (DTC) for low transmission fluid pressure may falsely activate and cause the transmission to unexpectedly shift into neutral.,An unexpected shift into neutral will cause a loss of drive power and increase the risk of a crash.,"Dealers will update the Powertrain Control Module (PCM) software, free of charge.  Owner notification letters were mailed on April 12, 2022.  Owners may contact Ford customer service at 1-866-436-7332.  Ford's number for this recall is 22S15."
22V189000,"Mercedes-Benz USA, LLC",CAN-Bus & Ağ Haberleşme Arızaları,STEERING: STEERING WHEEL/HANDLE BAR,,HAYIR,2,Mercedes-Benz C300 (2022); Mercedes-Benz E350 (2021),"Mercedes-Benz USA, LLC (MBUSA) is recalling certain 2021-2022 C-Class, E-Class, S-Class, SL, EClass Coupe/Convertible, CLS, AMG GT 4-doors Coupe, and EQS vehicles with a heated leather steering wheel.  Due to a software error in the hand detection control unit, the hands-off detection might not detect when the driver's hands are away from the steering wheel when using the Active Distance Assist DISTRONIC system.","Deactivated hands-off detection will prevent DISTRONIC system features from functioning, including warnings to grab the steering
wheel and calling first responders as part of the Active Emergency Stop Assist, which can increase the risk of a crash or injury.","Dealers will update the hand detection control unit software for the DISTRONIC system, free of charge.  Owner notification letters were mailed May 6, 2022.  Owners may contact MBUSA customer service at 1-800-367-6372.  MBUSA's number for this recall is 2022040010."
22V193000,Ford Motor Company,ECU / Gateway Yazılım & Kalibrasyon (OTA),ELECTRICAL SYSTEM: INTEGRATED TRAILER BRAKE CONTROL,Braking & Chassis Module,HAYIR,3,Ford F-150 (2021); Ford F-150 (2022); Lincoln Navigator (2022),"Ford Motor Company (Ford) is recalling certain 2021-2022 F-150, 2022 Maverick, Expedition, Lincoln Navigator, F-250, F-350, F-450, and F-550 vehicles.  Due to a software error, a towed trailer equipped with an electric or electric-over hydraulic brake system may not brake.","Loss of trailer brake functionality could result in extended stopping distance, increasing the risk of a crash.","Dealers will update the integrated trailer brake control module software, free of charge.  Owner notification letters were mailed April 22, 2022.  Owners may contact Ford customer service at 1-866-436-7332.  Ford's number for this recall is 22S17."
22V235000,"Tesla, Inc.",ECU / Gateway Yazılım & Kalibrasyon (OTA),ELECTRICAL SYSTEM:SOFTWARE,,EVET,7,Tesla Model 3 (2020); Tesla Model 3 (2021); Tesla Model 3 (2022) (+4 diğer),"Tesla, Inc. (Tesla) is recalling certain 2020-2022 Model Y, Model X, Model S, and 2017-2022 Model 3 vehicles.  The Boombox function allows sounds to be played through an external speaker while the vehicle is in motion, which may obscure the Pedestrian Warning System (PWS) sounds.  As such, these vehicles fail to comply with the requirements of Federal Motor Vehicle Safety Standard number 141, ""Minimum Sound Requirements for Hybrid and Electric Vehicles.""","Pedestrians may be unaware of an approaching vehicle if the PWS sounds are obscured, increasing the risk of a crash.","Tesla will perform an over-the-air (OTA) software update that will disable the Boombox functionality when the vehicle is in Drive, Neutral and Reverse modes, including Summon and Smart Summon, free of charge.  Owner notification letters were mailed June 6, 2022.  Owners may contact Tesla customer service at 1-877-798-3752.  Tesla's number for this recall is SB-22-00-003.  Note: This recall supersedes recall 22V-063.  Vehicles configured with Summon or Smart Summon and already remedied under 22V-063 will need to have the new remedy software installed."
22V239000,Toyota Motor Engineering & Manufacturing,ECU / Gateway Yazılım & Kalibrasyon (OTA),ELECTRONIC STABILITY CONTROL (ESC):CONTROL MODULE:SOFTWARE,Braking & Chassis Module,HAYIR,1,Toyota Rav4 Hybrid (2022),"Toyota Engineering & Manufacturing (Toyota) is recalling certain 2022 Lexus LX 600, Lexus NX 350h, Lexus NX 450h+, Toytoa RAV4 Hybrid, 2021-2022 Lexus LS 500h, Toyota Mirai, RAV4 PRIME, Sienna, Venza, and 2020-2022 Toyota Highlander Hybrid vehicles.  The Skid Control ECU software may not turn on the Vehicle Stability Control (VSC) system when the vehicle is restarted after the driver has disabled the VSC system.  As such, these vehicles fail to comply with the requirements of Federal Motor Vehicle Safety Standard number 126, ""Electronic Stability Control Systems.""",Driving with a deactivated stability control system increases the risk of a crash.,"Dealers will update the Skid Control ECU software, free of charge.  Owner notification letters were mailed May 27, 2022.  Owners may contact Toyota customer service at 1-800-331-4331.  Toyota's number for this recall is 22TA03.  Lexus' number for this recall is 22LA01."
22V240000,"BMW of North America, LLC",ECU / Gateway Yazılım & Kalibrasyon (OTA),AIR BAGS: AIR BAG/RESTRAINT CONTROL MODULE:SOFTWARE,Instrument Cluster & HMI Display,HAYIR,1,Bmw Ix (2022),"BMW of North America, LLC (BMW) is recalling certain 2022-2023 iX xDrive40, iX XDrive50, and iX M60 vehicles.  The air bag malfunction indicator light and display message may not illuminate in the event of a problem with the air bag control or pedestrian protection systems, due to incorrect software.",An air bag malfunction indicator light that fails to warn the driver of a problem increases the risk of injury in a crash.,"Dealers will reprogram the air bag control unit software, free of charge.   Owner notification letters were mailed June 13, 2022.  Owners may contact BMW customer service at 1-800-525-7417."
22V253000,Ford Motor Company,CAN-Bus & Ağ Haberleşme Arızaları,STEERING:COLUMN,Electronic Power Steering (EPS); Wiring Harness & Bus Physical Layer,HAYIR,1,Ford F-150 (2022),Ford Motor Company (Ford) is recalling certain 2022 F-150 vehicles.  The power-adjustable telescoping steering column connector wiring may be too short.  Wiring that is too short can become damaged or separate if the adjustable steering column is extended all the way.,"Damaged or separated wiring may result in the steering column not moving as intended in certain crash conditions, increasing the risk of injury in a crash.","Dealers will inspect the steering column wiring harness and repair the wiring, as necessary, free of charge.  Interim owner notification letters informing owners of the safety risk, were mailed on May 9, 2022.  Owner notification letters were mailed July 28, 2022.  Remedy parts are expected to be available by the end of July, 2022.  Owners may contact Ford customer service at 1-866-436-7332.  Ford's number for this recall is 22S24."
22V263000,"Tesla, Inc.","Gösterge Paneli, Ekran & HMI Donanımı",ELECTRICAL SYSTEM: INSTRUMENT CLUSTER/PANEL,Instrument Cluster & HMI Display,EVET,3,Tesla Model 3 (2020); Tesla Model 3 (2021); Tesla Model 3 (2022),"Tesla, Inc. (Tesla) is recalling certain 2018-2022 Model 3 Performance vehicles.  The unit of speed (mph or km/h) may fail to display on the speedometer while in Track Mode.  As such, these vehicles fail to comply with the requirements of Federal Motor Vehicle Safety Standard number 101, ""Control and Displays.""","The driver may not know how fast the vehicle is traveling without the mph or km/h unit display, increasing the risk of a crash.","Tesla will perform an over-the-air (OTA) software update, free of charge.  Owner notification letters were mailed June 17, 2022.  Owners may contact Tesla customer service at 1-877-798-3752.  Tesla's number for this recall is SB-22-00-008."
22V285000,Toyota Motor Engineering & Manufacturing,ECU / Gateway Yazılım & Kalibrasyon (OTA),ELECTRICAL SYSTEM:SOFTWARE,Instrument Cluster & HMI Display,HAYIR,1,Toyota Tundra (2022),"Toyota Motor Engineering & Manufacturing (Toyota) is recalling certain 2022 Tundra vehicles equipped with a Panoramic View Monitor (PVM) system.  The parking assist electronic control unit (ECU) software may prevent transmission of the rearview camera signal during cold weather, preventing the rearview image from displaying.  As such, these vehicles fail to comply with the requirements of Federal Motor Vehicle Safety Standard number 111, ""Rear Visibility.""","A rearview camera that does not display an image reduces the driver's view of what is behind the vehicle, increasing the risk of a crash.","Dealers will reprogram the parking assist ECU software, free of charge.  Owner notification letters were mailed June 2, 2022.  Owners may contact Toyota customer service at 1-800-331-4331.  Toyota's number for this recall is 22TA04."
22V296000,"Tesla, Inc.",ECU / Gateway Yazılım & Kalibrasyon (OTA),BACK OVER PREVENTION:DISPLAY FUNCTION,Instrument Cluster & HMI Display,EVET,4,Tesla Model 3 (2022); Tesla Model Y (2022); Tesla Model S (2021) (+1 diğer),"Tesla, Inc. (Tesla) is recalling certain 2021-2022 Model S, Model X, and 2022 Model 3 and Model Y vehicles operating certain firmware releases.  The infotainment central processing unit (CPU) may overheat during the preparation or process of fast-charging, causing the CPU to lag or restart.","A lagging or restarting CPU may prevent the center screen from displaying the rearview camera image, gear selection, windshield visibility control settings, and warning lights, increasing the risk of a crash.","Tesla will perform an over-the-air (OTA) software update that will improve CPU temperature management, free of charge.  Owner notification letters were mailed July 1, 2022.  Owners may contact Tesla customer service at 1-877-798-3752.  Tesla's number for this recall is SB-22-00-009."
22V310000,"Gulf States Toyota, Inc.",CAN-Bus & Ağ Haberleşme Arızaları,EQUIPMENT:OTHER:LABELS,,HAYIR,1,Toyota Highlander (2022),"Gulf States Toyota, Inc. (GST) is recalling certain 2022 4Runner, Tacoma, Highlander, and Highlander Hybrid vehicles.  The load carrying capacity modification labels may not be permanent and can fade, becoming illegible.  As such, these vehicles fail to comply with the requirements of Federal Motor Vehicle Safety Standard number 110, ""Tire Selection and Rims.""","An illegible label may allow the vehicle to be overloaded, increasing the risk of a crash.","GST will notify owners by mail, including a replacement load carrying capacity modification label for their vehicle and detailed replacement instructions, free of charge.  Owner notification letters were mailed June 30, 2022.  Owners may contact GST customer service at 1-800-444-1074.  GST's number for this recall is 22R1."
22V317000,"Tesla, Inc.","Gösterge Paneli, Ekran & HMI Donanımı",FORWARD COLLISION AVOIDANCE: AUTOMATIC EMERGENCY BRAKING,ADAS & Autonomous Driving Sensors; Wiring Harness & Bus Physical Layer,HAYIR,2,Tesla Model 3 (2021); Tesla Model Y (2021),"Tesla, Inc. (Tesla) is recalling certain 2020-2021 Model 3 and 2021 Model Y vehicles.  The fisheye and narrow camera cable terminals were incorrectly installed in the cable harness connector, resulting in swapped camera views.","Swapped camera views can prevent the vehicle's cameras from detecting crossing objects and high-curvature lane lines, impairing the Autosteer and Automatic Emergency Braking (AEB) performance, and increasing the risk of a crash.","Tesla Service will correct the swapped terminals and recalibrate the cameras, free of charge.  Owner notification letters were mailed July 8, 2022.  Owners may contact Tesla customer service at 1-877-798-3752.  Tesla's number for this recall is SB-22-17-007."
22V322000,Kia Motors America,CAN-Bus & Ağ Haberleşme Arızaları,PARKING BRAKE:ELECTRICAL:CONTROL MODULE:SOFTWARE,,HAYIR,1,Kia Ev6 (2022),"Kia Motor America (Kia) is recalling certain 2022 EV6 vehicles.  A software error in the Shifter Control Unit (SCU) may disengage the parking mechanism, which can allow the vehicle to rollaway.",Vehicle rollaway can increase the risk of a crash or injury.,"Drivers are recommended to park their vehicles on level ground and avoid parking on a slope/inclined surface whenever possible until the remedy has been performed.  Dealers will update the Shifter Control Unit software, free of charge.  Owner notification letters were mailed May 25, 2022.  Owners may contact Kia customer service at 1-800-333-4542.  Kia's number for this recall is SC236."
22V324000,Hyundai Motor America,CAN-Bus & Ağ Haberleşme Arızaları,PARKING BRAKE:ELECTRICAL:CONTROL MODULE:SOFTWARE,,HAYIR,1,Hyundai Ioniq 5 (2022),"Hyundai Motor America (Hyundai) is recalling certain 2022 Ioniq 5 vehicles.  A software error in the Shifter Control Unit (SCU) may disengage the parking mechanism, which can allow the vehicle to rollaway.",Vehicle rollaway can increase the risk of a crash or injury.,"Drivers are recommended to use the Electronic Parking Brake (EPB) when parking their vehicles until the remedy has been performed.  Dealers will update the Shifter Control Unit software, free of charge.  Owner notification letters were mailed July 14, 2022.  Owners may contact Hyundai customer service at 1-855-371-9460.  Hyundai's number for this recall is 228."
22V326000,"Chrysler (FCA US, LLC)",Gövde Elektroniği & Aydınlatma Kontrolü (BCM),EXTERIOR LIGHTING,Wiring Harness & Bus Physical Layer,HAYIR,1,Jeep Wrangler (2022),"Chryler (FCA US, LLC) is recalling certain 2022 Jeep Wrangler vehicles.  The side marker lights may not function due to an incompatible tail light assembly wiring harness.  As such, these vehicles fail to comply with the requirements of Federal Motor Vehicle Safety Standard number 108, ""Lamps, Reflective Devices, and Associated Equipment.""","Nonfunctional side marker lights may reduce vehicle visibility to other drivers, increasing the risk of a crash.","FCA will replace the tail light assemblies, free of charge.  Owner notification letters were mailed on May 26, 2022 and August 3, 2023.  Owners may contact FCA US, LLC customer service at 1-800-853-1403.  FCA US, LLC's number for this recall is Z43."
22V344000,Kia Motors America,"Gösterge Paneli, Ekran & HMI Donanımı",ELECTRICAL SYSTEM: INSTRUMENT CLUSTER/PANEL,Instrument Cluster & HMI Display,HAYIR,1,Kia Telluride (2022),"Kia Motors America (Kia) is recalling certain 2022 Telluride vehicles.  Excess adhesive in a circuit board within the instrument cluster may cause the instrument cluster display screen to be blank.  As such, these vehicles fail to comply with the requirements of Federal Motor Vehicle Safety Standard number 101, ""Control and Displays.""","A blank instrument cluster display screen will not show critical information, such as the odometer, which can increase the risk of a crash.","Dealers will replace the instrument cluster assembly, free of charge.  Owner notification letters were mailed July 15, 2022.  Owners may contact Kia customer service at 1-800-333-4542.  Kia's number for this recall is SC237."
22V407000,"Chrysler (FCA US, LLC)",ECU / Gateway Yazılım & Kalibrasyon (OTA),BACK OVER PREVENTION:DISPLAY FUNCTION,Instrument Cluster & HMI Display,HAYIR,1,Ram 1500 (2022),"Chrysler (FCA US, LLC) is recalling certain 2022 Ram 1500, 2500 pickup trucks, and 3500 Cab Chassis vehicles with GVWR less than 10,000 lbs.  The radio software may prevent the rearview image from displaying.  As such, these vehicles fail to comply with the requirements of Federal Motor Vehicle Safety Standard number 111, ""Rear Visibility.""","A rearview camera that does not display an image reduces the driver's rear view, increasing the risk of a crash.","Dealers will reprogram the radio software, free of charge.  Owner notification letters were mailed July 5, 2022.  Owners may contact FCA US, LLC customer service at 1-800-853-1403.  FCA US, LLS's number for this recall is Z47."
22V414000,Ford Motor Company,Otomotiv Elektrik & Güç Dağıtım Sistemleri,"FUEL SYSTEM, GASOLINE:STORAGE",,HAYIR,1,Ford F-150 (2021),Ford Motor Company (Ford) is recalling one 2021 F-150 vehicle.  A single vehicle may have been assembled without a fuel tank front attachment resulting in an unsecured fuel tank attachment strap.,An improperly attached fuel tank increases the risk of a fuel leak and potential for fire.,"Dealers will inspect and repair (if necessary) the fuel tank strap bracket, free of charge.  Owner notification letters were mailed July 1, 2022.  Owners may contact Ford customer service at 1-866-436-7332.  Ford's number for this recall is 22S42."
22V445000,Toyota Motor Engineering & Manufacturing,CAN-Bus & Ağ Haberleşme Arızaları,POWER TRAIN:AXLE ASSEMBLY:AXLE SHAFT,,HAYIR,1,Toyota Tundra (2022),Toyota Motor Engineering & Manufacturing (Toyota) is recalling certain 2022 Tundra and Tundra Hybrid vehicles.  The flange nuts on the axle shaft sub-assemblies can loosen over time and potentially cause one or both axle shaft sub-assemblies to separate from the axle housing.,"Axle shaft separation can cause a loss of vehicle stability and brake performance, increasing the risk of a crash.","Dealers will inspect the rear axle assembly, tighten the axle flange nuts, and replace any damaged axle-related components if necessary, free of charge.  Owner notification letters are expected to be mailed July 15, 2022.  Owners may contact Toyota customer service at 1-800-331-4331.  Toyota's number for this recall is 22TA05."
22V455000,Ford Motor Company,ECU / Gateway Yazılım & Kalibrasyon (OTA),EXTERIOR LIGHTING:LIGHTING CONTROL MODULE:SOFTWARE,Body Control Module (BCM),HAYIR,1,Lincoln Navigator (2022),"Ford Motor Company (Ford) is recalling certain 2022 Lincoln Navigator vehicles.  The headlight control module software may cause the side marker and daytime running lights to fail.  As such, these vehicles fail to comply with the requirements of Federal Motor Vehicle Safety Standard number 108, ""Lamps, Reflective Devices, and Associated Equipment.""",A loss of exterior lighting can reduce visibility and increase the risk of a crash.,"Dealers will update the headlight control module software and recalibrate the headlights, free of charge.  Owner notification letters were mailed July 13, 2022.  Owners may contact Ford customer service at 1-866-436-7332.  Ford's number for this recall is 22C14."
22V483000,"BMW of North America, LLC","Gösterge Paneli, Ekran & HMI Donanımı",ELECTRICAL SYSTEM: INSTRUMENT CLUSTER/PANEL,Instrument Cluster & HMI Display,HAYIR,2,Bmw I4 (2022); Bmw Ix (2022),"BMW of North America, LLC (BMW) is recalling certain 2022-2023 iX xDrive40, iX xDrive50, iX M60, 2022 i4 eDrive40, and i4 M50 vehicles equipped with hybrid electric powertrains.  While in Valet Parking Mode, the Central Information Display (CID) may not display critical safety information, such as warning messages and/or warning lights.  As such, these vehicles fail to comply with the requirements of Federal Motor Vehicle Safety Standard number 101, ""Control and Displays.""","A display that does not show critical information, such as warning messages and/or warning lights, can increase the risk of a crash.","Dealers will update the display's head unit software, free of charge.  Owner notification letters were mailed September 6, 2022.  Owners may contact BMW customer service at 1-800-525-7417."
22V501000,Toyota Motor Engineering & Manufacturing,ECU / Gateway Yazılım & Kalibrasyon (OTA),ELECTRICAL SYSTEM:ADAS:PARKING ASSIST:SOFTWARE,Instrument Cluster & HMI Display; ADAS & Autonomous Driving Sensors,HAYIR,1,Toyota Tundra (2022),"Toyota Motor Engineering & Manufacturing (Toyota) is recalling certain 2022 Tundra and Tundra Hybrid vehicles equipped with a Panoramic View Monitor (PVM) system.  Incorrect programming of the parking-assist electronic control unit (ECU) software, may cause the front camera image to appear on the multimedia display instead of the rear camera image when the shifter is placed into reverse.  As such, these vehicles fail to comply with the requirements of Federal Motor Vehicle Safety Standard number 111, ""Rear Visibility.""","A rearview camera that fails to display the correct image can reduce the driver's rear view, increasing the risk of a crash.","Dealers will reprogram the parking assist ECU, free of charge.  Owner notification letters were mailed July 27, 2022.  Owners may contact Toyota customer service at 1-800-331-4331.  Toyota's number for this recall is 22TA07."
22V509000,Kia Motors America,CAN-Bus & Ağ Haberleşme Arızaları,TIRES:TEMPORARY/EMERGENCY SPARE TIRE,Braking & Chassis Module,HAYIR,1,Kia Telluride (2022),"Kia Motors America (Kia) is recalling certain 2022 Sorento and Telluride vehicles.  The vehicles may be equipped with an incorrect spare tire which, when installed, can impair the anti-lock braking system (ABS) and the traction control system (TCS).  As such, these vehicles fail to comply with the requirements of Federal Motor Vehicle Safety Standard number 110, ""Tire Selection and Rims.""",Impaired anti-lock braking or traction control systems can increase the risk of a crash.,"Dealers will inspect and replace the spare tire, as necessary, free of charge.  Owner notification letters were mailed July 27, 2022.  Owners may contact Kia customer service at 1-800-333-4542.  Kia's number for this recall is SC244."
22V514000,"Volkswagen Group of America, Inc.",ECU / Gateway Yazılım & Kalibrasyon (OTA),BACK OVER PREVENTION: SENSING SYSTEM: CAMERA,Instrument Cluster & HMI Display,HAYIR,2,Volkswagen Tiguan (2021); Volkswagen Atlas (2022),"Volkswagen Group of America, Inc. (Volkswagen) is recalling certain 2021 Golf GTI, Jetta GLI, Jetta NF, Arteon FL, Tiguan LWB, 2022 Taos, Jetta PA, Tiguan PA, 2021-2022 Atlas Cross Sport, and Atlas FL vehicles.  The manufacturing process of the eMMC memory module in the infotainment system may cause the rearview camera image not to display.  As such, these vehicles fail to comply with the requirements of Federal Motor Vehicle Safety Standard number 111, ""Rear Visibility.""","A rearview camera that does not display an image reduces the driver's rear view, increasing the risk of a crash.","Dealers will update the infotainment software, free of charge.  Owner notification letters are expected to be mailed September 16, 2022.  Owners may contact Volkswagen's customer service at 1-800-893-5298.  Volkswagen's number for this recall is 91DV."
22V519000,Toyota Motor Engineering & Manufacturing,ECU / Gateway Yazılım & Kalibrasyon (OTA),AIR BAGS:SENSOR:OCCUPANT CLASSIFICATION:FRONT PASSENGER,,HAYIR,1,Toyota Rav4 Hybrid (2022),"Toyota Motor Engineering & Manufacturing (Toyota) is recalling certain 2022 Rav4, Rav4 Hybrid, and Rav4 Prime vehicles.  The front passenger seat may have been assembled with interference between internal parts that may cause the Occupant Classification System (OCS) sensor to incorrectly detect the occupant.  As such, these vehicles fail to comply with the requirements of Federal Motor Vehicle Safety Standard number 208, ""Occupant Crash Protection.""","Incorrect detection of an occupant may result in improper air bag deployment during a crash, increasing the risk of injury.","Dealers will inspect and repair the front passenger seat, as necessary, free of charge.  Owner notification letters were mailed September 2, 2022.  Owners may contact Toyota's customer service at 1-800-331-4331.  Toyota's number for this recall is 22TA08."
22V541000,"BMW of North America, LLC",Yüksek Voltaj (HV) & Batarya Yönetimi (BMS),ELECTRICAL SYSTEM:PROPULSION SYSTEM:TRACTION BATTERY,High Voltage BMS & Power Distribution,HAYIR,2,Bmw I4 (2022); Bmw Ix (2022),"BMW of North America, LLC (BMW) is recalling certain 2022-2023 iX xDrive50, iX M60, 2022 i4 eDrive40, and i4 M50 vehicles. The high voltage battery may have internal damage, resulting in an electrical short-circuit.",A short-circuit in a high voltage battery increases the risk of a fire.,"Owners are advised not to drive or charge their vehicles, and to park outside and away from structures until the remedy is complete.  Dealers will replace the high voltage battery, free of charge.  Interim owner notification letters, informing owners of the safety risk, were mailed September 23, 2022.  A second letter will be mailed when remedy parts become available.  Owner notification letters were mailed December 23, 2022. 
 Owners may contact BMW customer service at 1-800-525-7417.  Owners will also be contacted by phone."
22V626000,"Kia America, Inc.",CAN-Bus & Ağ Haberleşme Arızaları,TRAILER HITCHES,Wiring Harness & Bus Physical Layer,HAYIR,1,Kia Telluride (2022),"Kia America, Inc. (Kia) is recalling certain 2020-2022 Telluride vehicles potentially equipped with a Genuine Kia 4-pin tow hitch harness installed as original equipment, or purchased as an accessory through a Kia dealership.  Debris and moisture accumulation on the tow hitch harness module printed circuit board (PCB) may cause an electrical short, which can result in a fire.",A fire while parked or driving can increase the risk of injury.,"Owners are advised to park outside and away from structures until the recall repair is complete.  Dealers will install a new fuse and a wiring harness extension.  Dealers will also inspect and replace the tow hitch harness assembly, as necessary.  All repairs will be performed free of charge.  Owner notification letters were mailed April 12, 2023. Owners may contact Kia customer service at 1-800-333-4542.  Kia's number for this recall is SC247."
22V638000,"Chrysler (FCA US, LLC)",ECU / Gateway Yazılım & Kalibrasyon (OTA),BACK OVER PREVENTION:DISPLAY FUNCTION,Instrument Cluster & HMI Display,HAYIR,2,Ram 1500 (2021); Jeep Wrangler (2021),"Chrysler (FCA US, LLC) is recalling certain 2020-2021 Jeep Wrangler, RAM 1500 and 2021 Jeep Gladiator vehicles.  A radio software error may prevent the rearview image from displaying.  As such, these vehicles fail to comply with the requirements of Federal Motor Vehicle Safety Standard number 111, ""Rear Visibility.""","A rearview camera that does not display an image reduces the driver's rear view, increasing the risk of a crash.","Dealers will update the radio software, free of charge.  Owner notification letters were mailed October 6, 2022.  Owners may contact FCA US, LLC customer service at 1-800-853-1403.  FCA, LLC's number for this recall is Z86."
22V651000,"Kia America, Inc.",CAN-Bus & Ağ Haberleşme Arızaları,ELECTRICAL SYSTEM:ALTERNATOR/GENERATOR/REGULATOR,High Voltage BMS & Power Distribution; Wiring Harness & Bus Physical Layer,HAYIR,1,Kia Sportage (2023),"Kia America, Inc. (Kia) is recalling certain 2023 Sportage vehicles.  The alternator battery positive terminal nut may loosen, which can result in an engine stall or an electrical surge.","An engine stall increases the risk of a crash, and an electrical surge increases the risk of a fire.","Dealers will inspect and tighten the alternator battery positive terminal nut, as necessary, free of charge.  Owner notification letters were mailed September 23, 2022.  Owners may contact Kia customer service at 1-800-333-4542.  Kia's number for this recall is SC248."
22V661000,Toyota Motor Engineering & Manufacturing,ECU / Gateway Yazılım & Kalibrasyon (OTA),"SERVICE BRAKES, HYDRAULIC",,HAYIR,1,Toyota Tundra (2022),"Toyota Motor Engineering & Manufacturing (Toyota) is recalling certain 2022 Lexus NX250, NX350, and Toyota Tundra vehicles.  The Skid Control ECU within the Brake Actuator Assembly may falsely detect an overcurrent condition of the Electronic Parking Brake (EPB) Actuator and enter a failsafe mode which prevents the EPB from being engaged.  As such, these vehicles fail to comply with the requirements of Federal Motor Vehicle Safety Standard number 135, ""Light Vehicle Brake Systems.""","An electronic parking brake that cannot be engaged while in ""park,"" may result in a vehicle rollaway, increasing the risk of a crash.","Dealers will reprogram the Skid Control ECU, free of charge.  Owner notification letters were mailed November 1, 2022.  Owners may contact Toyota's customer service at 1-800-331-4331.  Toyota's numbers for this recall are 22TA11 and 22LA04."
22V678000,"Mercedes-Benz USA, LLC",CAN-Bus & Ağ Haberleşme Arızaları,ELECTRICAL SYSTEM:WIRING: REAR COMPARTMENT/TRUNK,Wiring Harness & Bus Physical Layer,HAYIR,1,Mercedes-Benz C300 (2022),"Mercedes-Benz USA, LLC (MBUSA) is recalling certain 2022 C300 vehicles.  Moisture accumulation in the trunk may leak into the signal acquisition module (SAM), causing an electrical short circuit.","An electrical short circuit in the SAM could lead to various malfunctions, such as rear exterior lighting failure, unintentional rear seat folding, and rearview camera failure, increasing the risk of a crash or injury.  In addition, an electrical short circuit might increase the risk of a fire.","Dealers will install a cover for the SAM, free of charge.  Owner notification letters were mailed December 2, 2022.  Owners may contact MBUSA customer service at 1-800-367-6372.  MBUSA's number for this recall is 2022090011."
22V684000,Ford Motor Company,CAN-Bus & Ağ Haberleşme Arızaları,AIR BAGS,,HAYIR,1,Ford F-150 (2022),"Ford Motor Company (Ford) is recalling certain 2022 F-150 vehicles.  The right-side instrument panel cover may have been manufactured incorrectly, which can cause the air bag to not deploy as intended.  As such, these vehicles fail to comply with the requirements of Federal Motor Vehicle Safety Standard number 208, ""Occupant Crash Protection.""","During air bag deployment, the air bag cover my break and project fragments into the vehicle, or the air bag may deploy improperly, increasing the risk of occupant injury.","Dealers will replace the right-side instrument panel cover, free of charge.  Owner notification letters were mailed October 26, 2022.  Owners may contact Ford customer service at 1-866-436-7332.  Ford's number for this recall is 22C23."
22V686000,Ford Motor Company,Gövde Elektroniği & Aydınlatma Kontrolü (BCM),EXTERIOR LIGHTING:LIGHTING CONTROL MODULE,Body Control Module (BCM),HAYIR,1,Ford F-150 (2022),"Ford Motor Company (Ford) is recalling certain 2022-2023 Bronco Sport and 2022 F-150 vehicles.  The parking lights may flicker when the headlights are activated.  As such, these vehicles fail to comply with the requirements of Federal Motor Vehicle Safety Standard number 108, ""Lamps, Reflective Devices, and Associated Equipment.""","Flickering parking lights can reduce visibility, increasing the risk of a crash.","Dealers will replace the LED Driver module, free of charge.  Owner notification letters were mailed March 29, 2023.  Owners may contact Ford customer service at 1-866-436-7332.  Ford's number for this recall is 22C22."
22V710000,"General Motors, LLC",ECU / Gateway Yazılım & Kalibrasyon (OTA),ELECTRICAL SYSTEM: INSTRUMENT CLUSTER/PANEL,Instrument Cluster & HMI Display,HAYIR,1,Cadillac Lyriq (2023),"General Motors, LLC (GM) is recalling certain 2023 Cadillac LYRIQ vehicles.  A software error in the driver video display control module may cause the instrument panel to go blank.","A blank instrument panel will not show critical information, such as vehicle speed and warning lights, increasing the risk of a crash.","GM will update the video display control module software, free of charge.  Owner notification letters were mailed November 15, 2022.  Owners may contact Cadillac customer service at 1-800-458-8006.  GM's number for this recall is N222379510."
22V742000,"Volkswagen Group of America, Inc.",ECU / Gateway Yazılım & Kalibrasyon (OTA),BACK OVER PREVENTION:DISPLAY FUNCTION,Instrument Cluster & HMI Display,HAYIR,3,Audi E-Tron (2021); Audi Q5 (2021); Audi A4 (2021),"Volkswagen Group of America, Inc. (Volkswagen) is recalling certain 2021 Audi A8, RS7, RS6 Avant, RS5 Sportback, RS5 Coupe, Q8, Q7, Q5 Sportback, S4 Sedan, Q5, A7, A6, A6 Allroad, A5 Sportback, A5 Coupe, A5 Cabrioleet, A4 Sedan, A4 Allroad, E-Tron Sportback Quattro, SQ7, S5 Cabriolet, E-Tron Quattro, SQ8, SQ5 Sportback, SQ5, S8, S7, S6 Sedan, S5 Sportback, S5 Coupe, 2022 E-Tron GT, and 2021-2022 RSQ8 vehicles.  Due to a software issue, a blank or black screen may be displayed instead of the rearview camera image when the vehicle is placed in reverse gear.  As such, these vehicles fail to comply with the requirements of Federal Motor Vehicle Safety Standard number 111, ""Rear Visibility.""","A blank rearview camera display can reduce the driver's rear visibility, increasing the risk of a crash.","Dealers will update the infotainment unit software, free of charge.  Owner notification letters were mailed October 25, 2022.  Owners may contact Audi's customer service at 1-800-253-2834.  Volkswagen's number for this recall is 91DZ."
22V746000,Hyundai Motor America,CAN-Bus & Ağ Haberleşme Arızaları,POWER TRAIN:AUTOMATIC TRANSMISSION,,HAYIR,1,Hyundai Sonata (2021),"Hyundai Motor Company (Hyundai) is recalling certain 2021-2022 Santa Fe, Sonata, Veloster N, 2022 Santa Cruz, Elantra N, and Kona N vehicles.  The vehicle's ""fail-safe"" limited-mobility drive mode may be impaired, when prompted by a transmission oil pump malfunction, which can result in a complete loss of drive power.",Loss of drive power increases the risk of a crash.,"Dealers will inspect and replace the transmission, as necessary.  Dealers will also update the transmission control unit software.  All repairs will be performed free of charge.  Owner notification letters were mailed January 10, 2023.  Owners may contact Hyundai customer service at 1-855-371-9460.  Hyundai's number for this recall is 236."
22V753000,"Volkswagen Group of America, Inc.",CAN-Bus & Ağ Haberleşme Arızaları,ENGINE AND ENGINE COOLING:ENGINE:HARD PARTS INTERNAL/MECHANICAL,,HAYIR,2,Volkswagen Atlas (2022); Audi Q5 (2021),"Volkswagen Group of America, Inc. (Volkswagen) is recalling certain 2021-2023 Audi Q5 Sportback, Q5, 2022-2023 Volkswagen Atlas FL, and Atlas Cross Sport vehicles.  The engine connecting rod bearings may become damaged, which can result in engine failure.","A damaged engine can result in engine failure and a stall, increasing the risk of a crash.  If the engine failure causes an oil leak, it can increase the risk of a fire.","Dealers will inspect and, if necessary, replace an affected engine, free of charge.  Owner notification letters are expected to be mailed December 6, 2022.  Owners may contact Volkswagen's customer service at 1-800-893-5298 and Audi's customer service at 1-800-253-2834.  Volkswagen's numbers for this recall are 13i4 (VW) and 13i5 (Audi)."
22V764000,"Volkswagen Group of America, Inc.",ECU / Gateway Yazılım & Kalibrasyon (OTA),BACK OVER PREVENTION:SOFTWARE,Instrument Cluster & HMI Display,HAYIR,1,Volkswagen Id.4 (2022),"Volkswagen Group of America, Inc. (Volkswagen) is recalling certain 2022 ID4 vehicles.  The rearview camera image may be delayed or deactivated.  As such, these vehicles fail to comply with the requirements of Federal Motor Vehicle Safety Standard number 111, ""Rear Visibility.""","A rearview camera with a delayed or deactivated image reduces the driver's view of what is behind the vehicle, increasing the risk of a crash.","Dealers will update the vehicle's software, free of charge.  Owner notification letters were mailed January 17, 2023.  Owners may contact Volkswagen's customer service at 1-800-893-5298.  Volkswagen's number for this recall is 91EG."
22V766000,"Chrysler (FCA US, LLC)",CAN-Bus & Ağ Haberleşme Arızaları,SEAT BELTS:PRETENSIONER,,HAYIR,2,Ram 1500 (2022); Jeep Wrangler (2021),"Chrysler (FCA US, LLC) is recalling certain 2022 Ram 1500, Jeep Gladiator, and 2021 Jeep Wrangler vehicles.  The front seat belt retractors may have an improperly welded micro gas generator, which can result in seat belt pretensioner failure.","A seat belt with pretensioner failure may not properly restrain an occupant during a crash, increasing the risk of injury.","Dealers will replace the front seat belt retractors. free of charge.  Owner notification letters were mailed December 8, 2022.  Owners may contact Chrysler customer service at 1-800-853-1403.  Chrysler's number for this recall is Z95."
22V768000,"Chrysler (FCA US, LLC)",CAN-Bus & Ağ Haberleşme Arızaları,ELECTRICAL SYSTEM:PROPULSION SYSTEM:TRACTION BATTERY,High Voltage BMS & Power Distribution,HAYIR,1,Jeep Wrangler (2022),"Chrysler (FCA US, LLC) is recalling certain 2022-2023 Jeep Wrangler Plug-In Hybrid Electric (PHEV) vehicles.  The high voltage (HV) battery pack assembly was built with incorrect fasteners to secure the 200-amp fuse, which can generate excessive heat.","Excessive heat may cause the fuse to fail and result in a loss of drive power, increasing the risk of a crash.","Dealers will inspect and replace the HV battery fuse, as necessary.  Dealers will also inspect the battery assembly for damage and replace it, if necessary.  Repairs will be performed free of charge.  Owner notification letters were mailed December 8, 2022.  Owners may contact Chrysler customer service at 1-800-853-1403.  Chrysler's number for this recall is Z71."
22V793000,"Volvo Car USA, LLC",CAN-Bus & Ağ Haberleşme Arızaları,ENGINE AND ENGINE COOLING:ENGINE:ENGINE CONTROL MODULE (ECU/ECM),Powertrain Control Module (PCM),HAYIR,1,Volvo Xc60 (2022),"Volvo Car USA, LLC (Volvo Car) is recalling certain 2022-2023 S60, V60, S90L, XC60, and XC90 vehicles.  An electronic control module (ECM) software error may prevent the combustion engine from starting, causing a loss of drive power.","The vehicle may lose drive power as the high voltage battery is depleted, increasing the risk of a crash.","Dealers will update the ECM software, free of charge.  Owner notification letters are expected to be mailed December 8, 2022.  Owners may contact Volvo Car's customer service at 1-800-458-1552.  Volvo Car's number for this recall is R10198."
22V806000,"Volkswagen Group of America, Inc.",ECU / Gateway Yazılım & Kalibrasyon (OTA),EQUIPMENT:ELECTRICAL:INFOTAINMENT:VIDEO (TOUCH)SCREEN/MONITOR/UNIT,Instrument Cluster & HMI Display,HAYIR,2,Audi E-Tron (2021); Audi E-Tron (2022),"Volkswagen Group of America, Inc. (Audi) is recalling certain 2021-2022 AUDI A8, A6 Allroad, E-TRON Quattro, 2022 S3, RSQ8, RS7, RS6 Avant, Q8, Q7, Q3, E-TRON Sportback Quattro, S5 Cabriolet, E-TRON GT, S5 Sportback, A7, A6, A5 Sportback, A5 Cabriolet, A4, A4 Allroad, A3, S8, SQ7, SQ8, S6, and S4 vehicles.  The infotainment main unit may become damaged internally when the vehicle is shut off, resulting in an inoperative rearview camera display the next time the vehicle is started.  As such, these vehicles fail to comply with the requirements of Federal Motor Vehicle Safety Standard number 111, ""Rear Visibility.""","An inoperative rearview camera display reduces the driver's rear visibility, increasing the risk of a crash.","Dealers will replace the infotainment main unit, free of charge.  Owner notification letters were mailed June 6, 2022.  Owners may contact Audi's customer service at 1-800-253-2834.  Audi's number for this recall is 91Ei."
22V823000,"Volkswagen Group of America, Inc.","Gösterge Paneli, Ekran & HMI Donanımı",BACK OVER PREVENTION:DISPLAY FUNCTION,Braking & Chassis Module; Instrument Cluster & HMI Display,HAYIR,2,Volkswagen Id.4 (2022); Volkswagen Id.4 (2023),"Volkswagen Group of America, Inc. (Volkswagen) is recalling certain 2022 Golf R A8, Audi S3, RS3 Sedan, Q4 E-Tron SUV, A3 Sedan, and 2022-2023 Volkswagen Golf GTI, and ID4 vehicles.  The rearview camera image may be blank or unresponsive when the vehicle is placed in reverse gear or when the park function is manually activated.  As such, these vehicles fail to comply with the requirements of Federal Motor Vehicle Safety Standard number 111, ""Rear Visibility.""","An inoperative rearview camera display can reduce the driver's rear visibility, increasing the risk of a crash.","Dealers will replace the rearview camera, free of charge.  Owner notification letters were mailed to Audi owners February 14, 2023.  Volkswagen owners will receive an owner notification letter once remedy parts become available.  Owners may contact Volkswagen's customer service at 1-800-893-5298 and Audi's customer service at 1-800-253-2834.  Volkswagen's numbers for this recall are (Volkswagen) 91EK and (Audi) 91EL."
22V825000,Ford Motor Company,"Gösterge Paneli, Ekran & HMI Donanımı",BACK OVER PREVENTION: SENSING SYSTEM: CAMERA,Instrument Cluster & HMI Display,EVET,1,Ford Bronco (2022),"Ford Motor Company (Ford) is recalling certain 2021-2022 Bronco vehicles equipped with rearview camera systems and 8-inch screen displays.  The rearview camera image may still be displayed after a backing event has ended.  As such, these vehicles fail to comply with the requirements of Federal Motor Vehicle Safety Standard number 111, ""Rear Visibility.""","A rearview image that continues to be displayed after the vehicle is shifted out of reverse may distract the driver, increasing the risk of a crash.","The SYNC module software will be updated by a dealer, or through an over-the-air (OTA) update, free of charge.  Owner notification letters were mailed on March 25, 2024.  Owners may contact Ford customer service at 1-866-436-7332.  Ford's number for this recall is 22C27."
22V830000,"Volkswagen Group of America, Inc.",CAN-Bus & Ağ Haberleşme Arızaları,ELECTRICAL SYSTEM:PROPULSION SYSTEM:TRACTION MOTOR,,HAYIR,1,Volkswagen Id.4 (2023),"Volkswagen Group of America, Inc. (Volkswagen) is recalling certain 2023 ID4 vehicles.  The electric motor sealing ring was improperly assembled, which may allow coolant to leak into the high-voltage system and interfere with the CAN communication and power supply.","Coolant that leaks into the high-voltage system may impact safety-critical systems and warning lights, causing a loss of vehicle control or unintended air bag deployment, and increasing the risk of a crash or injury.","Dealers will inspect and replace the electric motor, if necessary, free of charge.  Owner notification letters are expected to be mailed January 6, 2023.  Owners may contact Volkswagen's customer service at 1-800-893-5298.  Volkswagen's number for this recall is 19Q9."
22V843000,"Tesla, Inc.",ECU / Gateway Yazılım & Kalibrasyon (OTA),AIR BAGS: AIR BAG/RESTRAINT CONTROL MODULE:SOFTWARE,,EVET,1,Tesla Model X (2022),"Tesla, Inc. (Tesla) is recalling certain 2021-2023 Model X vehicles.  The restraint control module (RCM) calibration may cause the front passenger air bag to deploy incorrectly during certain low speed crashes.  As such, these vehicles fail to comply with the requirements of Federal Motor Vehicle Safety Standard number 208, ""Occupant Crash Protection.""",A passenger air bag that does not deploy as intended increases the risk of injury during a crash.,"Tesla has released an over-the-air (OTA) software update to recalibrate the RCM, free of charge.  Owner notification letters were mailed January 14, 2023.  Owners may contact Tesla customer service at 1-877-798-3752.  Tesla's number for this recall is SB-22-00-015."
22V865000,"Chrysler (FCA US, LLC)",CAN-Bus & Ağ Haberleşme Arızaları,ENGINE,,HAYIR,2,Jeep Wrangler (2021); Jeep Wrangler (2022),"Chrysler (FCA US, LLC) is recalling certain 2021-2023 Jeep Wrangler 4xe vehicles equipped with 2.0L Plug-In Hybrid Electric Vehicle engines.  A loss of communication may cause an engine shutdown.","An engine shutdown can cause a loss of drive power, increasing the risk of a crash.","There is more than one involved component and calibration software.  Updating the calibration software in the Transmission Control Module, Hybrid Control Processor and Auxiliary Hybrid Control Processor that changes fail safe from shut down to limp home.  Dealers will update the transmission control module software, Hybrid Control Processor and Auxiliary Hybrid Control Processor, free of charge.  Owner notification letters were mailed December 22, 2022.  Owners may contact FCA US, LLC customer service at 1-800-853-1403.  FCA US, LLC's number for this recall ZB7."
22V873000,"General Motors, LLC",Otomotiv Elektrik & Güç Dağıtım Sistemleri,AIR BAGS: AIR BAG/RESTRAINT CONTROL MODULE,,HAYIR,1,Chevrolet Silverado 1500 (2022),"General Motors, LLC (GM) is recalling certain 2022 Chevrolet Silverado 1500 vehicles.  The sensing diagnostic module (SDM) was left in manufacturing mode and not activated at the assembly plant prior to shipment.  As such, these vehicles fail to comply with the requirements of Federal Motor Vehicle Safety Standard number 208, ""Occupant Crash Protection.""","An SDM in manufacturing mode will not deploy the vehicle's air bags in a crash, increasing the risk of occupant injury.",Dealers returned the vehicles to the GM assembly plant and the sensing diagnostic modules were activated.  The vehicles had not been sold from dealer inventory and therefore no owner letters will be mailed.  Owners may contact Chevrolet customer service at 1-800-222-1020.  GM's number for this recall is N222387870.
22V903000,"General Motors, LLC",ECU / Gateway Yazılım & Kalibrasyon (OTA),EXTERIOR LIGHTING:LIGHTING CONTROL MODULE:SOFTWARE,Body Control Module (BCM),EVET,3,Chevrolet Silverado 1500 (2022); Chevrolet Silverado 1500 (2023); Gmc Sierra 1500 (2022),"General Motors, LLC (GM) is recalling certain 2020-2023 Cadillac CT4 and CT5; 2021-2023 Buick Envision; and 2022-2023 Cadillac Escalade and Escalade ESV, Chevrolet Silverado 1500, Suburban, Tahoe, GMC Sierra 1500, Yukon, and Yukon XL vehicles.  The daytime running lights (DRLs) may not deactivate when the headlights are on.  As such, these vehicles fail to comply with the requirements of Federal Motor Vehicle Safety Standard number 108, ""Lamps, Reflective Devices, and Associated Equipment.""","DRLs that do not deactivate as intended may result in a glare, reducing visibility, and increasing the risk of a crash.","The body control module software will be updated by a dealer, or through an over-the-air (OTA) update, free of charge.  Owner notification letters were mailed January 23, 2023.  Owners may contact GMC customer service at 1-888-988-7267, Chevrolet customer service at 1-800-222-1020, or Cadillac customer service at 1-800-458-8006.  GM's number for this recall is N222386380.  This recall expands previous recall number 22V-827."
22V928000,Ford Motor Company,Otomotiv Elektrik & Güç Dağıtım Sistemleri,AIR BAGS:SENSOR:SIDE IMPACT,,HAYIR,1,Ford Bronco (2022),Ford Motor Company (Ford) is recalling certain 2021-2022 Bronco vehicles.  The right or left side impact sensors may not be properly secured to the vehicle.,"An improperly secured side impact sensor may cause the air bags to unintentionally deploy, or not to deploy as intended, increasing the risk of injury in a crash.","Dealers will inspect the side impact sensor attachments and repair, as necessary, free of charge.  Owner notification letters were mailed January 20, 2023.  Owners may contact Ford customer service at 1-866-436-7332.  Ford's number for this recall is 22S77."
22V941000,Hyundai Motor America,Yüksek Voltaj (HV) & Batarya Yönetimi (BMS),ELECTRICAL SYSTEM:PROPULSION SYSTEM:TRACTION BATTERY:THERMAL MANAGEMENT:FLUID/COOLANT,High Voltage BMS & Power Distribution,HAYIR,1,Hyundai Kona Electric (2021),Hyundai Motor America (Hyundai) is recalling certain 2021 Kona EV vehicles.  The Electric Power Control Unit (EPCU) may have been improperly sealed and may leak coolant internally.,"Coolant contacting the EPCU circuit board may cause a loss of drive power, increasing the risk of a crash.","Dealers will inspect and replace the EPCU, as necessary, free of charge.  Owner notification letters were mailed March 22, 2023.  A second notice will be sent once the final remedy is available.  Owners may contact Hyundai customer service at 1-855-371-9460.  Hyundai's number for this recall is 239."
22V944000,"BMW of North America, LLC",Yüksek Voltaj (HV) & Batarya Yönetimi (BMS),ELECTRICAL SYSTEM:PROPULSION SYSTEM:TRACTION BATTERY THERMAL:MANAGEMENT:SOFTWARE,High Voltage BMS & Power Distribution,HAYIR,3,Bmw I4 (2022); Bmw I4 (2023); Bmw Ix (2022),"BMW of North America, LLC (BMW) is recalling certain 2022-2023 iX xDrive40, iX xDrive50, iX M60, i4 eDrive35, i4 eDrive40, i4 M50, and 2023 i7 xDrive60 vehicles.  The high voltage battery electronic control unit (ECU) software may cause an interruption of electrical power.","An interruption of electrical power may result in a sudden loss of drive power, increasing the risk of a crash.","Dealers will update the high voltage battery ECU software, free of charge.  Owner notification letters are expected to be mailed February 10, 2023.  Owners may contact BMW customer service at 1-800-525-7417."
22V956000,"Volkswagen Group of America, Inc.","Elektronik Şasi, Fren & Direksiyon Kontrolü",ELECTRICAL SYSTEM:12V/24V/48V BATTERY:CABLES,Electronic Power Steering (EPS); High Voltage BMS & Power Distribution,HAYIR,1,Volkswagen Id.4 (2023),"Volkswagen Group of America, Inc. (Volkswagen) is recalling certain 2023 ID4 rear-wheel drive vehicles.  The 12-Volt battery charging cable may contact the steering column shaft and cause the cable insulation to wear, possibly resulting in a short circuit.","A short circuit may cause a loss of drive power, increasing the risk of a crash.  A short circuit also increases the risk of a vehicle fire.","Owners are advised to park outside and away from structures until the remedy has been completed.  Dealers will inspect the 12-Volt battery charging cable and repair or replace it, as necessary, free of charge.  Owner notification letters are expected to be mailed February 27, 2023.  Owners may contact Volkswagen's customer service at 1-800-893-5298.  Volkswagen's number for this recall is 97HA."
23V001000,"Volvo Car USA, LLC",CAN-Bus & Ağ Haberleşme Arızaları,STEERING,,HAYIR,2,Volvo Xc90 (2021); Volvo Xc60 (2022),"Volvo Car USA, LLC (Volvo Car) is recalling certain 2019-2022 V60CC, XC60, and XC90 vehicles.  During steering gear assembly, double screws may have been assembled on top of each other, which can cause a screw to fall into the gearbox housing.",A screw inside the gearbox housing can cause the steering wheel to lock up and increase the risk of a crash.,"Dealers will replace the steering gear, free of charge.  Owner notification letters are expected to be mailed March 1, 2023.  Owners may contact Volvo Car's customer service at 1-800-458-1552.  Volvo Car's number for this recall is R10213."
23V022000,Ford Motor Company,"Gösterge Paneli, Ekran & HMI Donanımı",BACK OVER PREVENTION: SENSING SYSTEM: CAMERA,Instrument Cluster & HMI Display,HAYIR,2,Ford Explorer (2020); Ford Explorer (2022),"Ford Motor Company (Ford) is recalling certain 2020-2023 Explorer, Lincoln Aviator, and 2020-2022 Lincoln Corsair vehicles equipped with a 360-degree camera.  The video output may fail, preventing the rearview camera image from displaying.","Loss of the rearview camera image can reduce the driver's rear visibility, increasing the risk of a crash.","Dealers will update the image processing module (IPMB) software, free of charge.  Interim owner notification letters informing owners of the safety risk were mailed April 25, 2023.  Owner notification letters were mailed February 13, 2023.  Owners may contact Ford customer service at 1-866-436-7332.  Ford's number for this recall is 23S02.  This recall expands and replaces NHTSA recall number 21V-735.  Vehicles previously repaired under 21V-735 will need to have the new remedy performed."
23V040000,"Volkswagen Group of America, Inc.",Yüksek Voltaj (HV) & Batarya Yönetimi (BMS),ELECTRICAL SYSTEM:PROPULSION SYSTEM:TRACTION BATTERY:MANAGEMENT SYSTEM/ENERGY CONTROL MODULE (BMS/BECM):SOFTWARE,Powertrain Control Module (PCM); High Voltage BMS & Power Distribution,HAYIR,1,Volkswagen Id.4 (2021),"Volkswagen Group of America, Inc. (Volkswagen) is recalling certain 2021 ID.4 vehicles.  Software programing may cause the high voltage (HV) battery management control module to restart or the pulse inverter to deactivate.","A reset or deactivation may cause a loss of drive power, increasing the risk of a crash.","Dealers will update the HV battery management control unit and the pulse inverter control unit software, free of charge.  Owner notification letters are expected to be mailed March 31, 2023.  Owners may contact Volkswagen's customer service at 1-800-893-5298.  Volkswagen's number for this recall is 97ZZ."
23V059000,"Chrysler (FCA US, LLC)","Elektronik Şasi, Fren & Direksiyon Kontrolü",BACK OVER PREVENTION:DISPLAY FUNCTION,Instrument Cluster & HMI Display,HAYIR,2,Ram 1500 (2021); Ram 1500 (2022),"Chrysler (FCA US, LLC) is recalling certain 2021-2023 Ram 1500 and 2023 Ram 2500 vehicles.  The trailer reverse steering control module (TRSCM) may prevent the rearview image from displaying when the vehicle is placed in reverse.  As such, these vehicles fail to comply with the requirements of Federal Motor Vehicle Safety Standard number 111, ""Rear Visibility.""","A rearview image that does not display while in reverse decreases the driver's visibility of the rear view, increasing the risk of injury or crash.","Dealers will update the TRSCM software, free of charge.  Owner notification letters were mailed March 1, 2023.  Owners may contact FCA US, LLC customer service at 1-800-853-1403.  FCA US, LLC's number for this recall is 14A.  This recall supersedes and expands previous recall numbers 21V-438 and 21V-918.  FCA US Recall ID 63A is a vehicle population expansion of FCA US Recall ID 14A (NHTSA Recall ID 23V-059)."
23V069000,Ford Motor Company,Otomotiv Elektrik & Güç Dağıtım Sistemleri,POWER TRAIN:AUTOMATIC TRANSMISSION:CONTROL MODULE (TCM/PCM/TECM),Powertrain Control Module (PCM),HAYIR,2,Ford Explorer (2020); Ford Explorer (2022),Ford Motor Company (Ford) is recalling certain 2020-2022 Explorer vehicles equipped with a 2.3L engine and 10R60 automatic transmission.  An unintentional powertrain control module (PCM) reset may occur while the vehicle is in motion and result in park system damage.,"A park system that is damaged may not shift into ""PARK,"" resulting in a vehicle rollaway and increasing the risk of injury or crash.","Dealers will inspect the park system for damage and repair as necessary, free of charge.  Owner notification letters were mailed March 28, 2023.  Owners may contact Ford customer service at 1-866-436-7332.  Ford's number for this recall is 23S05."
23V085000,"Tesla, Inc.",ECU / Gateway Yazılım & Kalibrasyon (OTA),STEERING:AUTOMATED/ADAPTIVE STEERING,Braking & Chassis Module,EVET,9,Tesla Model 3 (2020); Tesla Model 3 (2021); Tesla Model 3 (2022) (+6 diğer),"Tesla, Inc. (Tesla) is recalling certain 2016-2023 Model S, Model X, 2017-2023 Model 3, and 2020-2023 Model Y vehicles equipped with Full Self-Driving Beta (FSD Beta) software or pending installation.  The FSD Beta system may allow the vehicle to act unsafe around intersections, such as traveling straight through an intersection while in a turn-only lane, entering a stop sign-controlled intersection without coming to a complete stop, or proceeding into an intersection during a steady yellow traffic signal without due caution. In addition, the system may respond insufficiently to changes in posted speed limits or not adequately account for the driver's adjustment of the vehicle's speed to exceed posted speed limits.",FSD Beta software that allows a vehicle to exceed speed limits or travel through intersections in an unlawful or unpredictable manner increases the risk of a crash.,"Tesla will release an over-the-air (OTA) software update, free of charge.  Owner notification letters were mailed April 15, 2023.  Owners may contact Tesla customer service at 1-877-798-3752.  Tesla's number for this recall is SB-23-00-001."
23V111000,Toyota Motor Engineering & Manufacturing,ECU / Gateway Yazılım & Kalibrasyon (OTA),ELECTRICAL SYSTEM: INSTRUMENT CLUSTER/PANEL,Instrument Cluster & HMI Display,HAYIR,1,Toyota Tundra (2022),"Toyota Motor Engineering & Manufacturing (Toyota) is recalling certain 2022-2023 Tundra and Tundra Hybrid vehicles.  A software error in the combination meter's electronic control unit (ECU) may cause the Instrument Panel LCD display to go blank.  As such, these vehicles fail to comply with the requirements of Federal Motor Vehicle Safety Standard number 101, ""Control and Displays.""","A blank display will not show critical information such as the speedometer or warning lights, increasing the risk of a crash.","Dealers will update the combination meter ECU software, free of charge.  Owner notification letters are expected to be mailed April 17, 2023.  Owners may contact Toyota's customer service at 1-800-331-4331.  Toyota's number for this recall is 23TA02."
23V118000,"BMW of North America, LLC",CAN-Bus & Ağ Haberleşme Arızaları,ELECTRICAL SYSTEM:BODY CONTROL MODULE:SOFTWARE,Body Control Module (BCM),HAYIR,2,Bmw I4 (2022); Bmw I4 (2023),"BMW of North America, LLC (BMW) is recalling certain 2023 330i, 330i xDrive, M340i, M340i xDrive, M3, 330e, 330e xDrive, 430i Convertible, 430i xDrive, M440i, 2022-2023 430i, 430i xDrive, M440i xDrive, i4 eDrive40, and i4 M50 vehicles.  During a service visit, a replacement electronic control unit (ECU) may have been installed with incorrect programming, which can cause the automatic door locking (ADL) function to not lock the doors as intended.","Doors that do not lock as intended while the vehicle is in motion may open during a crash, increasing the risk of injury.","Dealers will update the ECU software, free of charge.  Owner notification letters were mailed April 10, 2023.  Owners may contact BMW customer service at 1-800-525-7417."
23V128000,Ford Motor Company,CAN-Bus & Ağ Haberleşme Arızaları,POWER TRAIN:AXLE ASSEMBLY,Wiring Harness & Bus Physical Layer,HAYIR,1,Ford F-150 (2023),"Ford Motor Company (Ford) is recalling certain 2023 F-150, Expedition, and Lincoln Navigator vehicles.  The front axle pinion may not have been heat-treated, which can cause it to fracture.","A fractured pinion can result in a loss of 4-wheel drive and may cause the front wheels to lock up, increasng the risk of a crash.","Dealers will replace the front axle pinion gear set.  If there is a broken front axle pinion, the entire axle assembly will be replaced.  Repairs will be performed free of charge.  Owner notification letters were mailed April 21, 2023.  Owners may contact Ford customer service at 1-866-436-7332.  Ford's number for this recall is 23S07."
23V130000,"Tesla, Inc.",Otomotiv Elektrik & Güç Dağıtım Sistemleri,SEATS:CRITICAL FASTENERS,,HAYIR,2,Tesla Model Y (2022); Tesla Model Y (2023),"Tesla, Inc. (Tesla) is recalling certain 2022-2023 Model Y vehicles.  The bolts securing the second-row seat back frames may not have been securely tightened.","A loose seat frame bolt may reduce the seat belt system's performance, increasing the risk of injury during a crash.","Tesla Service Centers will inspect and tighten the bolts as necessary, free of charge.  Owner notification letters are expected to be mailed April 25, 2023.  Owners may contact Tesla customer service at 1-877-798-3752.  Tesla's number for this recall is SB-23-13-001."
23V142000,Toyota Motor Engineering & Manufacturing,ECU / Gateway Yazılım & Kalibrasyon (OTA),STRUCTURE:BODY,,HAYIR,1,Toyota Tundra (2022),Toyota Motor Engineering & Manufacturing (Toyota) is recalling certain 2022-2023 Tundra and Tundra Hybrid vehicles that may be equipped with a Toyota genuine accessory tonneau cover.  The tonneau cover attachment joints may come loose and allow the cover to detach.,"A tonneau cover that detaches while driving can become a road hazard, increasing the risk of a crash.","Owners of the subject vehicles will be notified by first class mail to return their vehicles to a Toyota dealer.  Dealer will install new hardware (bolts, spacers, washers, nuts, rubber washers and cotter pins) to the existing bracket and tonneau cover.  If the tonneau cover has tears or splits at the mounting holes to the extent that new hardware cannot be installed, it will be replaced with a new tonneau cover and hardware.  Owners will receive a notice once the remedy becomes available.  Owners may contact Toyota's customer service at 1-800-331-4331.  Toyota's number for this recall is 23TB03/23TA03."
23V165000,Ford Motor Company,ECU / Gateway Yazılım & Kalibrasyon (OTA),BACK OVER PREVENTION: SENSING SYSTEM: CAMERA,Instrument Cluster & HMI Display,EVET,1,Ford Bronco (2022),"Ford Motor Company (Ford) is recalling certain 2021-2022 Bronco vehicles equipped with 8-inch SYNC infotainment screens that were previously remedied under recall 22V-825.  The rearview camera image may still be displayed after a backing event has ended.  As such, these vehicles fail to comply with the requirements of Federal Motor Vehicle Safety Standard number 111, ""Rear Visibility.""","A rearview image that continues to be displayed after the vehicle is shifted out of reverse may distract the driver, increasing the risk of a crash.","The SYNC module software will be updated by a dealer, or through an over-the-air (OTA) update, free of charge.  Owner notification letters were mailed on March 28, 2024.  Owners may contact Ford customer service at 1-866-436-7332.  Ford's number for this recall is 23C05."
23V191000,"Chrysler (FCA US, LLC)",CAN-Bus & Ağ Haberleşme Arızaları,STRUCTURE:FRAME AND MEMBERS,,HAYIR,2,Jeep Wrangler (2021); Jeep Wrangler (2022),"Chrysler (FCA US, LLC) is recalling certain 2020-2022 Jeep Wrangler vehicles.  A stud on the frame assembly may puncture the fuel tank in a crash, which can result in a fuel leak.",A fuel leak in the presence of an ignition source increases the risk of a fire.,"Dealers will inspect and, if necessary, remove the frame stud and apply paint, free of charge.  Owner notification letters were mailed April 6, 2023.  Owners may contact FCA US, LLC customer service at 1-800-853-1403.  FCA US, LLC's number for this recall is 28A."
23V199000,Ford Motor Company,ECU / Gateway Yazılım & Kalibrasyon (OTA),POWER TRAIN:AUTOMATIC TRANSMISSION:CONTROL MODULE (TCM/PCM/TECM),Powertrain Control Module (PCM),HAYIR,2,Ford Explorer (2020); Ford Explorer (2022),"Ford Motor Company (Ford) is recalling certain 2020-2022 Explorer vehicles equipped with a 2.3L RWD, 3.3L GAS, 3.3L FHEV, or 3.0L ST powertrain.  The previous powertrain control module (PCM) update completed under recall 22V-255 did not include the automatic electronic parking brake feature when the vehicle is shifted to park, as intended.  In addition, the rear axle horizontal mounting bolt may fracture and cause the driveshaft to disconnect.","Without the electronic parking brake applied, the vehicle could rollaway if the driveshaft disconnects.  A disconnected driveshaft can also result in a loss of drive power.  Either of these scenarios can increase the risk of a crash.","Dealers will update the PCM software, free of charge.  Owner notification letters were mailed on May 31, 2023.  Owners may contact Ford customer service at 1-866-436-7332.  Ford's number for this recall is 23S16."
23V264000,"Chrysler (FCA US, LLC)",CAN-Bus & Ağ Haberleşme Arızaları,AIR BAGS:SENSOR:SIDE IMPACT,,HAYIR,1,Ram 1500 (2022),"Chrysler (FCA US, LLC) is recalling certain 2022 Ram 1500 vehicles.  The B-pillar impact sensors may be missing, which can result in delayed air bag deployment or non-deployment.",Air bags that do not deploy as intended increase the risk of injury in a crash.,"Dealers will inspect and, if necessary, install the B-pillar impact sensors, free of charge.  Owner notification letters were mailed May 4, 2023.  Owners may contact FCA US, LLC customer service at 1-800-853-1403.  FCA US, LLC's number for this recall is 33A."
23V265000,"Chrysler (FCA US, LLC)",ECU / Gateway Yazılım & Kalibrasyon (OTA),POWER TRAIN:AUTOMATIC TRANSMISSION:CONTROL MODULE (TCM/PCM/TECM),Powertrain Control Module (PCM),HAYIR,1,Ram 1500 (2021),"Chrysler (FCA US, LLC) is recalling certain 2021 Ram 1500 vehicles equipped with 5.7L eTorque engines.  The powertrain control module software may cause an incorrect fuel mixture condition in the engine, and result in an engine stall.",An engine stall can increase the risk of a crash.,"Dealers will update the Powertrain Control Module calibration software, free of charge.  Owner notification letters were mailed April 27, 2023.  Owners may contact FCA US, LLC customer service at 1-800-853-1403.  FCA US, LLC's number for this recall is 37A."
23V295000,"BMW of North America, LLC",CAN-Bus & Ağ Haberleşme Arızaları,ELECTRICAL SYSTEM:PROPULSION SYSTEM:TRACTION BATTERY,High Voltage BMS & Power Distribution,HAYIR,2,Bmw I4 (2023); Bmw Ix (2022),"BMW of North America, LLC (BMW) is recalling certain 2022-2024 iX xDrive50 and 2023 i4 eDrive35, i4 eDrive40, and i4 M50 Hybrid Electric vehicles.  The high voltage battery cell monitoring circuit may have improperly secured electrical connections which can result in an engine stall.",An engine stall increases the risk of a crash.,"Dealers will replace the high voltage battery cell monitoring circuit, free of charge.  Owner notification letters were mailed June 22, 2023.  Owners may contact BMW customer service at 1-800-525-7417."
23V298000,"Kia America, Inc.","Gösterge Paneli, Ekran & HMI Donanımı",ELECTRICAL SYSTEM: INSTRUMENT CLUSTER/PANEL,Instrument Cluster & HMI Display,HAYIR,1,Kia Sportage (2023),"Kia America, Inc. (Kia) is recalling certain 2023 Sportage, Sportage Hybrid, Sportage Plug-in Hybrid, Niro Hybrid, Niro Plug-in Hybrid, Soul, and Telluride vehicles equipped with a digital instrument cluster containing a 4.2"" LCD screen.  The instrument cluster may fail to display any information when the vehicle is started.  As such, these vehicles fail to comply with the requirements of Federal Motor Vehicle Safety Standard numbers 101, ""Control and Displays,"" and 138, ""Tire Pressure Monitoring Systems.""","A blank instrument cluster display will not show critical information, such as tire pressure, warning messages, and warning lights, increasing the risk of a crash.","Dealers will update the instrument cluster software, free of charge.  Owner notification letters were mailed May 26, 2023.  Owners may contact Kia customer service at 1-800-333-4542.  Kia's number for this recall is SC270."
23V303000,"Chrysler (FCA US, LLC)",CAN-Bus & Ağ Haberleşme Arızaları,ELECTRICAL SYSTEM:PROPULSION SYSTEM:TRACTION BATTERY,High Voltage BMS & Power Distribution,HAYIR,1,Jeep Wrangler (2022),"Chrysler (FCA US, LLC) is recalling certain 2022-2023 Jeep Wrangler Plug-In Hybrid Electric vehicles (PHEV).  The high voltage (HV) battery pack assembly was built with incorrect fasteners to secure the 200-amp fuse, which can generate excessive heat.","Excessive heat may cause the fuse to fail and result in a loss of drive power, increasing the risk of a crash.","Dealers will inspect and replace the HV battery fuse, as necessary.  Dealers will also inspect the battery assembly for damage and replace it, if necessary.  Repairs will be performed free of charge.  Owner notification letters were mailed May 23, 2023.  Owners may contact Chrysler customer service at 1-800-853-1403.  Chrysler's number for this recall is 53A.  This recall is an expansion of previous recall 22V-768."
23V305000,Ford Motor Company,"Gösterge Paneli, Ekran & HMI Donanımı",BACK OVER PREVENTION:DISPLAY FUNCTION,Instrument Cluster & HMI Display,HAYIR,2,Ford Explorer (2020); Ford Explorer (2022),"Ford Motor Company (Ford) is recalling certain 2020-2022 Explorer Police Interceptor Utility vehicles equipped with a 12.1-inch Integrated Computer Screen (ICS).  When the Display On/Off Button is used to turn the display to ""Off"" prior to placing the vehicle in reverse, the backup camera rearview image will not appear on the display.  As such, these vehicles fail to comply with the requirements of Federal Motor Vehicle Safety Standard number 111, ""Rear Visibility.""","A rearview camera that does not display an image can reduce the driver's rear view, increasing the risk of a crash or injury.","Dealers will update the ICS software, free of charge.  Owner notification letters were mailed July 27, 2023. Owners may contact Ford customer service at 1-866-436-7332.  Ford's number for this recall is 23C14."
23V312000,"Volkswagen Group of America, Inc.",CAN-Bus & Ağ Haberleşme Arızaları,STRUCTURE:BODY:DOOR:HANDLE:EXTERIOR,,HAYIR,2,Volkswagen Id.4 (2021); Volkswagen Id.4 (2022),"Volkswagen Group of America, Inc. (Volkswagen) is recalling certain 2021-2022 ID.4 vehicles.  The affected vehicles may have been manufactured with door handles that allow water to enter the circuit board assembly, which can cause the doors to open unexpectedly when the vehicle is subject to high lateral forces at speeds below 9 mph/15 kmh.",A vehicle door that opens unexpectedly while the vehicle is in motion increases the risk of injury.,"Dealers will update the vehicle software, and inspect the door handles as necessary, free of charge.  Owner notification letters were mailed March 19, 2023.  Owners may contact Volkswagen's customer service at 1-800-893-5298.  Volkswagen's number for this recall are 57J5 and 57J8.  This recall was replaced by recall number 24V-651"
23V342000,Ford Motor Company,"Gösterge Paneli, Ekran & HMI Donanımı",BACK OVER PREVENTION: SENSING SYSTEM: CAMERA,Instrument Cluster & HMI Display,HAYIR,2,Ford Explorer (2020); Ford Explorer (2022),"Ford Motor Company (Ford) is recalling certain 2020-2023 Explorer, Lincoln Aviator, and 2020-2022 Lincoln Corsair vehicles equipped with a 360-degree camera.  The video output may fail, preventing the rearview camera image from displaying.","Loss of the rearview camera image can reduce the driver's rear visibility, increasing the risk of a crash.","Dealers will replace the 360-degree camera, free of charge.  Owner notification letters were mailed November 10, 2023.  Owners may contact Ford customer service at 1-866-436-7332.  Ford's number for this recall is 23S23.  This recall expands and replaces NHTSA recall number 23V-022.  Vehicles previously repaired under 23V-022 will need to have the new remedy performed."
23V367000,"General Motors, LLC",CAN-Bus & Ağ Haberleşme Arızaları,ELECTRICAL SYSTEM:PROPULSION SYSTEM:TRACTION BATTERY,High Voltage BMS & Power Distribution,HAYIR,1,Cadillac Lyriq (2023),"General Motors, LLC (GM) is recalling certain 2022 GMC Hummer EV and 2023 Cadillac Lyriq vehicles.  Certain connections within the high-voltage battery pack may be out of position or incorrectly welded, which can cause a loss of drive power.",A loss of drive power can increase the risk of a crash.,"Dealers will inspect and, if necessary, replace the high-voltage battery pack, free of charge.  Letters explaining the safety risk were sent to owners January 5, 2024.  Owner notification letters were mailed June 6, 2023.  Owners may contact GM's Cadillac customer service at 1-800-458-8006 and the EV Concierge number: 1-833-HUMMER-EV (1-833-486-6373).  GM's number for this recall is N232404441."
23V379000,Ford Motor Company,CAN-Bus & Ağ Haberleşme Arızaları,EQUIPMENT:OTHER:LABELS,,HAYIR,1,Ford Bronco (2022),"Ford Motor Company (Ford) is recalling certain 2022-2023 Bronco, 2023 Super Duty F-250, and 2019-2023 Ranger vehicles.  The Tire and Loading Information (TREAD) label states the incorrect load carrying capacity, which can result in an overloaded vehicle.  As such, these vehicles fail to comply with the requirements of Federal Motor Vehicle Safety Standard number 110, ""Tire Selection and Rims.""",An overloaded vehicle increases the risk of a crash.,"Ford will mail a new TREAD label to install over the existing label, free of charge.  Owners will also have the option to take their vehicle to a Ford or Lincoln dealer to have the new label installed, free of charge.  Owner notification letters were mailed July 21, 2023.  Owners may contact Ford customer service at 1-866-436-7332.  Ford's number for this recall is 23C18."
23V410000,"Kia America, Inc.",CAN-Bus & Ağ Haberleşme Arızaları,"SERVICE BRAKES, HYDRAULIC:POWER ASSIST",,HAYIR,1,Kia Sportage (2023),"Kia America, Inc. (Kia) is recalling certain 2023 Sportage vehicles.  The brake booster diaphragm may become misaligned and cause an internal vacuum leak, which can result in a loss of power brake assist.","A loss of power brake assist can extend the distance required to stop, increasing the risk of a crash.","Dealers will inspect and replace the brake booster as necessary, free of charge.  Owner notification letters were mailed July 21, 2023.  Owners may contact Kia customer service at 1-800-333-4542.  Kia's number for this recall is SC272."
23V434000,"Tesla, Inc.",Yüksek Voltaj (HV) & Batarya Yönetimi (BMS),ELECTRICAL SYSTEM:PROPULSION SYSTEM:TRACTION BATTERY,High Voltage BMS & Power Distribution,HAYIR,2,Tesla Model 3 (2023); Tesla Model Y (2023),"Tesla, Inc. (Tesla) is recalling certain 2023 Model 3 and Model Y vehicles.  The pyrotechnic battery disconnect may be defective.","A defective battery disconnect may not isolate the vehicle's high voltage battery after a crash or fault detection, increasing the risk of electrical shock and injury.","Tesla Service will replace the pyrotechnic battery disconnect, free of charge.  Owner notification letters were mailed August 18, 2023.  Owners may contact Tesla customer service at 1-877-798-3752.  Tesla's number for this recall is SB-23-16-005."
23V436000,"Volkswagen Group of America, Inc.",CAN-Bus & Ağ Haberleşme Arızaları,BACK OVER PREVENTION:DISPLAY FUNCTION,Instrument Cluster & HMI Display,HAYIR,1,Volkswagen Id.4 (2022),"Volkswagen Group of America, Inc. (Volkswagen) is recalling certain 2022 ID.4 vehicles.  The replacement infotainment central control unit (CCU) installed in the vehicle during a repair contains incorrect software that can cause the rearview camera image to be delayed or deactivated when reversing.  As such, these vehicles fail to comply with the requirements of Federal Motor Vehicle Safety Standard number 111, ""Rear Visibility.""","A rearview camera with a delayed or deactivated image may reduce the driver's rear visibility, increasing the risk of a crash.","Dealers will update the software, free of charge.  Owner notification letters are expected to be mailed August 18, 2023.  Owners may contact Volkswagen's customer service at 1-800-893-5298.  Volkswagen's number for this recall is 93S7."
23V449000,"BMW of North America, LLC",Yüksek Voltaj (HV) & Batarya Yönetimi (BMS),ELECTRICAL SYSTEM:PROPULSION SYSTEM:HYBRID MANAGEMENT,High Voltage BMS & Power Distribution,HAYIR,3,Bmw I4 (2022); Bmw I4 (2023); Bmw Ix (2022),"BMW of North America, LLC (BMW) is recalling certain 2022-2023 iX xDrive50, iX M60, i4 eDrive40, i4 M50, and 2023 i760 xDrive hybrid electric vehicles.  The high voltage battery combined charging unit (CCU) may not have been manufactured correctly, resulting in improperly connected and/or assembled components inside the CCU.","An improperly connected or assembled CCU can interrupt electrical power while driving and result in an engine stall, increasing the risk of a crash.","Dealers will replace the high voltage battery combined charging unit (CCU), free of charge.  Owner notification letters were mailed August 23, 2023.  Owners may contact BMW customer service at 1-800-525-7417."
23V462000,"Mercedes-Benz USA, LLC",CAN-Bus & Ağ Haberleşme Arızaları,ELECTRICAL SYSTEM:WIRING,Wiring Harness & Bus Physical Layer,HAYIR,1,Mercedes-Benz C300 (2022),"Mercedes-Benz USA, LLC (MBUSA) is recalling certain 2022-2023 C300 and 2023 AMG C43 vehicles.  The transmission wiring harness may be the incorrect length, which can result in harness damage and a loss of drive power.",A loss of drive power can increase the risk of a crash.,"Dealers will inspect and repair the transmission wiring harness routing, as necessary, free of charge.  Owner notification letters were mailed August 18, 2023.  Owners may contact MBUSA customer service at 1-800-367-6373.  MBUSA's number for this recall is 2023070015."
23V488000,"Tesla, Inc.",CAN-Bus & Ağ Haberleşme Arızaları,SEAT BELTS:FRONT,,HAYIR,2,Tesla Model S (2021); Tesla Model X (2022),"Tesla, Inc. (Tesla) is recalling certain 2021-2023 Model S and Model X vehicles.  The front-row seat belts may not be connected properly to the pretensioner anchors, which can cause the seat belts to detach.","A detached seat belt may not properly restrain an occupant during a crash, increasing the risk of injury.","Tesla Service will inspect the front-row seat belts and connect the seat belts to pretensioner anchors, or replace the seat belt assemblies, as necessary, free of charge.  Owner notification letters were mailed September 12, 2023.  Owners may contact Tesla customer service at 1-877-798-3752.  Tesla's number for this recall is SB-23-20-004."
23V489000,"Tesla, Inc.","Gösterge Paneli, Ekran & HMI Donanımı",FORWARD COLLISION AVOIDANCE: SENSING SYSTEM: CAMERA,ADAS & Autonomous Driving Sensors,HAYIR,1,Tesla Model Y (2023),"Tesla, Inc. (Tesla) is recalling certain 2023 Model S, Model X, and Model Y vehicles.  The forward-facing camera may be misaligned, causing some of the active safety features such as emergency braking, forward collision warning, and lane assist to become unavailable without alerting the driver.",Safety features that are unavailable without any warning to the driver may increase the risk of a crash.,"Tesla Service will inspect and adjust the pitch angle, as necessary, free of charge.  Owner notification letters were mailed September 12, 2023.  Owners may contact Tesla customer service at 1-877-798-3752.  Tesla's number for this recall is SB-23-17-006."
23V509000,Ford Motor Company,"Elektronik Şasi, Fren & Direksiyon Kontrolü",PARKING BRAKE:ELECTRICAL,Wiring Harness & Bus Physical Layer,HAYIR,3,Ford F-150 (2021); Ford F-150 (2022); Ford F-150 (2023),"Ford Motor Company (Ford) is recalling certain 2021-2023 F-150 vehicles equipped with a single exhaust system.  Contact with the rear axle housing may damage the wiring harness, causing the electric parking brake to activate unexpectedly.",Unexpected activation of the electric parking brake while driving increases the risk of a crash.,"Dealers will install a protective tie strap, tape wrap, and replace the harness as necessary, free of charge. Owner notification letters were mailed February 12, 2024.  Owners may contact Ford customer service at 1-866-436-7332.  Ford's number for this recall is 23S35."
23V531000,"Kia America, Inc.",CAN-Bus & Ağ Haberleşme Arızaları,POWER TRAIN:AUTOMATIC TRANSMISSION:FLUID/LUBRICANT:PUMP,,HAYIR,1,Kia Sportage (2023),"Kia America, Inc. (Kia) is recalling certain 2023 Soul, Sportage, and 2023-2024 Seltos vehicles.  The electronic controller for the Idle Stop & Go oil pump assembly may contain damaged electrical components that can cause the pump to overheat.",An electric oil pump assembly that overheats increases the risk of a vehicle fire.,"Owners are advised to park outside and away from structures until the recall repair is complete.  Dealers will inspect and replace the electric oil pump controller, as necessary, free of charge.  Owner notification letters are expected to be mailed September 28, 2023.  Owners may contact Kia customer service at 1-800-333-4542.  Kia's number for this recall is SC275."
23V566000,Toyota Motor Engineering & Manufacturing,ECU / Gateway Yazılım & Kalibrasyon (OTA),"FUEL SYSTEM, GASOLINE:DELIVERY:HOSES, LINES/PIPING, AND FITTINGS",Wiring Harness & Bus Physical Layer,HAYIR,1,Toyota Tundra (2022),"Toyota Motor Engineering & Manufacturing (Toyota) is recalling certain 2022-2023 Tundra and Tundra Hybrid vehicles.  The plastic fuel tube routed near metallic brake lines may chafe against the brake lines and become damaged, possibly resulting in a fuel leak.",A fuel leak in the presence of an ignition source can increase the risk of a fire.,"Dealers will install protective materials and a clamp on the fuel tube, free of charge.  Owner letters were mailed November 6, 2024.  Owners may contact Toyota's customer service at 1-800-331-4331.  Toyota's numbers for this recall are 23TB09/23TA09."
23V577000,"Chrysler (FCA US, LLC)",ECU / Gateway Yazılım & Kalibrasyon (OTA),BACK OVER PREVENTION:DISPLAY FUNCTION,Instrument Cluster & HMI Display,HAYIR,1,Jeep Grand Cherokee (2022),"Chrysler (FCA US, LLC) is recalling certain 2022-2023 Jeep Grand Cherokee, 2021-2023 Jeep Grand Cherokee L, and 2022-2024 Jeep Wagoneer and Grand Wagoneer vehicles.  The Central Vision Park Assist module (CVPAM) software may prevent the rearview image from displaying when the vehicle is placed in reverse.  As such, these vehicles fail to comply with the requirements of Federal Motor Vehicle Safety Standard number 111, ""Rear Visibility.""","A rearview image that does not display while in reverse decreases the driver's visibility of the rear view, increasing the risk of injury or crash.","Dealers will update the Central Vision Park Assist Module software, free of charge.  Owner notification letters were mailed August 31, 2023.  Owners may contact FCA US, LLC customer service at 1-800-853-1403.  FCA US, LLC's number for this recall is 56A."
23V584000,"BMW of North America, LLC",ECU / Gateway Yazılım & Kalibrasyon (OTA),SEAT BELTS,,HAYIR,3,Bmw 330I (2020); Bmw 330I (2021); Bmw 330I (2022),"BMW of North America, LLC (BMW) is recalling certain 2019-2022 330i, 330i xDrive, M340i, 2022 430i Coupe, 2021-2022 430i, M440i Convertible, and 2020-2022 228i xDrive Gran Coupe vehicles.  The receiver audio module control unit software may fail to properly generate audible seat belt warnings to the driver to fasten their seat belt.  As such, these vehicles fail to comply with the requirements of Federal Motor Vehicle Safety Standard number 208, ""Occupant Crash Protection.""",An audible chime that does not properly alert the driver to fasten their seat belt increases the risk of injury in a crash.,"Dealers will update the receiver audio module software, free of charge.  Owner notification letters were mailed October 12, 2023.  Owners may contact BMW customer service at 1-800-525-7417."
23V626000,Ford Motor Company,Yüksek Voltaj (HV) & Batarya Yönetimi (BMS),ELECTRICAL SYSTEM:PROPULSION SYSTEM:TRACTION BATTERY,High Voltage BMS & Power Distribution,HAYIR,2,Ford Explorer (2020); Ford Explorer (2022),Ford Motor Company (Ford) is recalling certain 2020-2022 Lincoln Aviator and Ford Explorer vehicles equipped with 3.0L PHEV engines.  A manufacturing defect in one or more of the high voltage battery cells may result in an internal short circuit and battery failure.,"Battery failure can cause a loss of drive power, increasing the risk of a crash.  Battery failure can also increase the risk of a fire.","Dealers will perform a Battery Energy Control Module (BECM) diagnostic test and replace the high voltage battery pack, as necessary, free of charge.  Owner notification letters were mailed on April 8, 2024.  Owners may contact Ford customer service at 1-866-436-7332.  Ford Motor Company's number for this recall is 23S53."
23V641000,"Chrysler (FCA US, LLC)","Gösterge Paneli, Ekran & HMI Donanımı",POWER TRAIN:MANUAL TRANSMISSION,Instrument Cluster & HMI Display,HAYIR,1,Jeep Wrangler (2022),"Chrysler (FCA US), LLC is recalling certain 2022-2023 Jeep Wrangler and Gladiator vehicles equipped with a manual transmission.  The rearview camera may fail to display the rearview image and the reverse lights may not illuminate when the vehicle is placed in reverse.  As such, these vehicles fail to comply with the requirements of Federal Motor Vehicle Safety Standard numbers 111, ""Rear Visibility"" and 108, ""Lamps, Reflective Devices, and Associated Equipment.""","A disabled rearview image can decrease the driver's visibility of the rear view, and disabled reverse lights may not alert others that the vehicle is reversing, increasing the risk of injury or crash.","Dealers will replace the gear position sensor, free of charge.  Owner notification letters were mailed November 16, 2023.  Owners may contact FCA US, LLC customer service at 1-800-853-1403.  FCA US, LLC's number for this recall is 92A."
23V654000,"Chrysler (FCA US, LLC)",ECU / Gateway Yazılım & Kalibrasyon (OTA),BACK OVER PREVENTION:DISPLAY FUNCTION,Instrument Cluster & HMI Display,HAYIR,1,Ram 1500 (2022),"Chrysler (FCA US, LLC) is recalling certain 2022-2023 Ram 1500, Ram 3500 Cab Chassis with GVWR less than 10,000 lbs., and 2022-2024 Ram 2500 vehicles.  The radio software may prevent the rearview image from displaying.  As such, these vehicles fail to comply with the requirements of Federal Motor Vehicle Safety Standard number 111, ""Rear Visibility.""","A rearview camera that does not display an image reduces the driver's rear view, increasing the risk of a crash.","Dealers will update the radio software, free of charge.  Owner notification letters were mailed October 24, 2023.  Owners may contact FCA US, LLC customer service at 1-800-853-1403.  FCA US, LLC's number for this recall is 97A."
23V679000,"Tesla, Inc.","Elektronik Şasi, Fren & Direksiyon Kontrolü",ELECTRICAL SYSTEM,Instrument Cluster & HMI Display,EVET,1,Tesla Model X (2022),"Tesla, Inc. (Tesla) is recalling certain 2021-2023 Model X vehicles.  The vehicle controller may fail to detect low brake fluid and will not display a warning light.  As such, these vehicles fail to comply with the requirements of Federal Motor Vehicle Safety Standard number 135, ""Light Vehicle Brake Systems.""","Without a warning light, the vehicle may be driven with low brake fluid, which can reduce braking performance and increase the risk of a crash.","Tesla has released an over-the-air (OTA) software update, free of charge.  Owner notification letters were mailed December 12, 2023.  Owners may contact Tesla customer service at 1-877-798-3752.  Tesla's number for this recall is SB-23-00-005."
23V682000,"General Motors, LLC",ECU / Gateway Yazılım & Kalibrasyon (OTA),ELECTRICAL SYSTEM:BODY CONTROL MODULE:SOFTWARE,Body Control Module (BCM),HAYIR,1,Cadillac Lyriq (2023),"General Motors, LLC (GM) is recalling certain 2023 Cadillac LYRIQ vehicles.  The body control module (BCM) may have been updated with incorrectly calibrated software and fail to make the pedestrian warning sounds.","Without external warning sounds, pedestrians may be unaware of an approaching vehicle, increasing the risk of a crash.","Dealers will reprogram the BCM, free of charge.  Owner notification letters were mailed November 14, 2023.  Owners may contact Cadillac customer service at 1-800-458-8006.  GM's number for this recall is N232422960."
23V720000,Toyota Motor Engineering & Manufacturing,ECU / Gateway Yazılım & Kalibrasyon (OTA),STRUCTURE:BODY:BUMPERS,,HAYIR,1,Toyota Highlander (2022),"Toyota Motor Engineering & Manufacturing (Toyota) is recalling certain 2020-2023 Highlander & Highlander Hybrid vehicles.  During normal vehicle operation, minor impact to the front lower bumper cover may result in the cover coming loose or detaching.","A detached front bumper cover can become a road hazard, increasing the risk of a crash.","Dealers will repair or replace the upper and lower front bumper covers as necessary, free of charge.  Owner letters were mailed April 22, 2024.  Owners may contact Toyota customer service at 1-800-331-4331.  Toyota's number for this recall is 23TB12/23TA12."
23V757000,"Southeast Toyota Distributors, LLC",CAN-Bus & Ağ Haberleşme Arızaları,EQUIPMENT:OTHER:LABELS,,HAYIR,1,Toyota Tundra (2022),"Southeast Toyota Distributors, LLC (SET) is recalling certain 2022-2024 Toyota Tundra vehicles.  The load carrying capacity modification label states the incorrect load carrying capacity, which can result in an overloaded vehicle.  As such, these vehicles fail to comply with the requirements of Federal Motor Vehicle Safety Standard number 110, ""Tire Selection and Rims.""",An overloaded vehicle increases the risk of a crash.,"SET will mail a new modified label, free of charge. Owner notification letters were mailed December 18, 2023.  Owners may contact SET's customer service at 1-866-405-4226.  SET's number for this recall is SET23B."
23V787000,"Chrysler (FCA US, LLC)",Yüksek Voltaj (HV) & Batarya Yönetimi (BMS),ELECTRICAL SYSTEM:PROPULSION SYSTEM:TRACTION BATTERY,High Voltage BMS & Power Distribution,HAYIR,2,Jeep Wrangler (2021); Jeep Wrangler (2022),"Chrysler (FCA US, LLC) is recalling certain 2021-2023 Jeep Wrangler Plug-In Hybrid Electric (PHEV) vehicles.  The high voltage battery may fail internally and lead to a vehicle fire while parked or driving.",A vehicle fire while parked or driving can increase the risk of injury.,"Owners are advised not to recharge their vehicles, and to park outside and away from structures, until they are repaired.  Dealers will update the high voltage battery pack software and replace the battery pack assembly if necessary, free of charge.  Owner notification letters were mailed March 7, 2024.  Owners may contact FCA US, LLC customer service at 1-800-853-1403.  FCA US, LLC's number for this recall is 89A.  This recall is superseded by NHTSA Recall 24V-720."
23V802000,Ford Motor Company,Gövde Elektroniği & Aydınlatma Kontrolü (BCM),EXTERIOR LIGHTING:LIGHTING CONTROL MODULE,Body Control Module (BCM),HAYIR,1,Ford F-150 (2022),"Ford Motor Company (Ford) is recalling certain 2022 F-150 vehicles.  The parking lights may flicker when the headlights are activated.  As such, these vehicles fail to comply with the requirements of Federal Motor Vehicle Safety Standard number 108, ""Lamps, Reflective Devices, and Associated Equipment.""","Flickering parking lights can reduce visibility, increasing the risk of a crash.","Dealers will update the LED driver module software, free of charge.  Owner notification letters were mailed January 19, 2024.  Owners may contact Ford customer service at 1-866-436-7332.  Ford's number for this recall is 23C36.  Vehicles with high series headlamps previously recalled under recall number 22V-686 that received an incomplete remedy, or have not yet been repaired, will need to have the new remedy completed."
23V838000,"Tesla, Inc.",ECU / Gateway Yazılım & Kalibrasyon (OTA),ELECTRICAL SYSTEM:ADAS:AUTONOMOUS/SELF DRIVING:SOFTWARE,ADAS & Autonomous Driving Sensors,EVET,9,Tesla Model 3 (2020); Tesla Model 3 (2021); Tesla Model 3 (2022) (+6 diğer),"Tesla, Inc. (Tesla) is recalling 2012-2023 Model S, 2016-2023 Model X, 2017-2023 Model 3, and 2020-2023 Model Y vehicles equipped with all versions of Autosteer leading up to the version(s) that contains the recall remedy.  In certain circumstances when Autosteer is engaged, the prominence and scope of the feature's controls may not be sufficient to prevent driver misuse of the SAE Level 2 advanced driver-assistance feature.","In certain circumstances when Autosteer is engaged, and the driver does not maintain responsibility for vehicle operation and is unprepared to intervene as necessary or fails to recognize when Autosteer is canceled or not engaged, there may be an increased risk of a crash.","Tesla will release an over-the-air (OTA) software update, free of charge.  Owner notification letters were mailed February 10, 2024.  Owners may contact Tesla customer service at 1-877-798-3752.  Tesla's number for this recall is SB-23-00-008."
23V842000,"Volkswagen Group of America, Inc.",Otomotiv Elektrik & Güç Dağıtım Sistemleri,ELECTRICAL SYSTEM:PROPULSION SYSTEM:CHARGING:CABLE/CORD:ONBOARD,,HAYIR,4,Audi E-Tron (2021); Audi E-Tron (2022); Audi Q5 (2021) (+1 diğer),"Volkswagen Group of America, Inc. (Audi) is recalling certain 2022-2024 RS e-tron GT, e-tron GT, Q4 e-tron Sportback, Q4 e-tron, 2020-2021 Audi A8, 2019-2024 e-tron Quattro, 2020-2024 e-tron Sportback Quattro, Q5, and 2021-2022 A7 vehicles.  When using the industrial 220V/240V plug at the 100% charge setting, some home power outlets may be incapable of handling the electrical current required to utilize the compact charging system, causing the outlet or charging cable to overheat.",An overheated outlet or charging cable can increase the risk of a fire.,"Owners are advised not to use the 220V/240V compact/portable charging cable and only use the 110V home charging cable or public charging stations.  Dealers will supply a new 220V/240V compact/portable charging cable with an incorporated temperature sensor, free of charge.  Owner notification letters were mailed on March 28, 2024.  Owners may contact Audi customer service at 1-800-253-2834.  Audi's numbers for this recall are 93U6 and 93U8."
23V862000,"Tesla, Inc.",CAN-Bus & Ağ Haberleşme Arızaları,LATCHES/LOCKS/LINKAGES:DOORS:LATCH,,EVET,1,Tesla Model X (2022),"Tesla, Inc. (Tesla) is recalling certain 2021-2023 Model S and X vehicles.  The cabin doors can be unlocked during a crash.  As such, these vehicles fail to comply with the requirements of Federal Motor Vehicle Safety Standard number 214, ""Side Impact Protection.""","An unlocked door may unlatch and open during a crash, increasing the risk of injury.","Tesla has released an over-the-air (OTA) software update, free of charge.  Owner notification letters were mailed February 17, 2024.  Owners may contact Tesla customer service at 1-877-798-3752.  Tesla's number for this recall is SB-23-00-009."
23V865000,Toyota Motor Engineering & Manufacturing,ECU / Gateway Yazılım & Kalibrasyon (OTA),AIR BAGS:SENSOR:OCCUPANT CLASSIFICATION,,HAYIR,4,Toyota Rav4 (2020); Toyota Rav4 (2021); Toyota Camry (2021) (+1 diğer),"Toyota Motor Engineering & Manufacturing (Toyota) is recalling certain 2020-2021 Avalon, Avalon Hybrid, Corolla, Highlander, Highlander Hybrid, RAV4, RAV4 Hybrid, Lexus ES350, Lexus RX350, Lexus RX450H, 2021 Sienna Hybrid, Lexus ES250, 2020-2022 Camry, Camry Hybrid, and ES300H vehicles.  A short circuit may develop in the Occupant Classification System (OCS) sensor, preventing the front passenger air bag from deploying.",An air bag that does not deploy during a crash increases the risk of injury.,"Dealers will inspect and replace the sensor as necessary, free of charge.  Interim letters notifying owners of the safety risk were mailed in February 2024. Some final remedy owner letters were mailed October 31, 2024. Letters will continue to be mailed in phases through January 2026. Owners may contact Toyota customer service at 1-800-331-4331.  Toyota's number for this recall is 23TB15/23TA15 Lexus 23LB03/23LA03."
23V867000,"Volkswagen Group of America, Inc.",Yüksek Voltaj (HV) & Batarya Yönetimi (BMS),ELECTRICAL SYSTEM:PROPULSION SYSTEM:TRACTION BATTERY THERMAL:MANAGEMENT:SOFTWARE,High Voltage BMS & Power Distribution,HAYIR,2,Audi E-Tron (2021); Audi E-Tron (2022),"Volkswagen Group of America, Inc. (Audi) is recalling certain 2020-2022 E-Tron Sportback Quattro and 2019-2022 E-Tron Quattro vehicles.  Certain high-voltage battery modules may overheat.",A high-voltage battery that overheats increases the risk of a fire.,"Dealers will install onboard diagnostic software to monitor battery module performance, and replace affected battery modules where necessary, free of charge. Owner notification letters were mailed April 3, 2025. Owners may contact Audi customer at 1-800-253-2834.  Audi's numbers for this recall are 93U9 and 93V2."
23V896000,Ford Motor Company,CAN-Bus & Ağ Haberleşme Arızaları,POWER TRAIN:AXLE HUBS,,HAYIR,3,Ford F-150 (2021); Ford F-150 (2022); Ford F-150 (2023),"Ford Motor Company (Ford) is recalling certain 2021-2023 F-150 vehicles equipped with the Trailer Tow Max Duty package and a 9.75-inch heavy duty axle with a 3/4 float axle design.  The rear axle hub bolt may fatigue and break, which can result in damage to the axle hub splines.",Damaged axle hub splines can result in a vehicle rollaway when the vehicle is in park without the parking brake applied or cause a loss of drive power.  Both of these conditions can increase the risk of a crash.,"Dealers will replace the left and right rear axle shaft assemblies, free of charge.  Owner notification letters were mailed on May 9, 2025.  Owners may contact Ford customer service at 1-866-436-7332.  Ford's number for this recall is 23S65."
24V035000,"Tesla, Inc.",ECU / Gateway Yazılım & Kalibrasyon (OTA),BACK OVER PREVENTION: SENSING SYSTEM: CAMERA,Instrument Cluster & HMI Display,EVET,1,Tesla Model Y (2023),"Tesla, Inc. (Tesla) is recalling certain 2023 Model S, X, and Y vehicles equipped with full self-driving computer 4.0 and running a software release version 2023.44.30 through 2023.44.30.6 or 2023.44.100.  Software instability may prevent the rearview camera image from displaying.",A rearview image that does not display while in reverse decreases the driver's visibility and increases the risk of a crash.,"Tesla has released an over-the-air (OTA) software update, free of charge.  Owner notification letters were mailed March 22, 2024.  Owners may contact Tesla customer service at 1-877-798-3752.  Tesla's number for this recall is SB-24-00-002."
24V051000,"Tesla, Inc.","Elektronik Şasi, Fren & Direksiyon Kontrolü",ELECTRICAL SYSTEM: INSTRUMENT CLUSTER/PANEL,Braking & Chassis Module; Instrument Cluster & HMI Display,EVET,9,Tesla Model 3 (2020); Tesla Model 3 (2021); Tesla Model 3 (2022) (+6 diğer),"Tesla, Inc. (Tesla) is recalling certain 2012-2023 Model S, 2016-2024 Model X, 2017-2023 Model 3, 2019-2024 Model Y, and 2024 Cybertruck vehicles.  An incorrect font size is displayed on the instrument panel for the Brake, Park, and Antilock Brake System (ABS) warning lights.  As such, these vehicles fail to comply with the requirements of Federal Motor Vehicle Safety Standard number 105, ""Hydraulic and Electric Brake Systems"" and 135, ""Light Vehicle Brake Systems.""","Warning lights with a smaller font size can make critical safety information on the instrument panel difficult to read, increasing the risk of a crash.","Tesla began releasing an over-the-air (OTA) software update, free of charge.  Owners may contact Tesla customer service at 1-877-798-3752.  Tesla's number for this recall is SB-24-00-003."
24V111000,"Chrysler (FCA US, LLC)",ECU / Gateway Yazılım & Kalibrasyon (OTA),VISIBILITY:DEFROSTER/DEFOGGER/HVAC SYSTEM,,HAYIR,3,Jeep Grand Cherokee (2022); Jeep Wrangler (2021); Jeep Wrangler (2022),"Chrysler (FCA US, LLC) is recalling certain 2021-2024 Jeep Wrangler and 2022-2024 Jeep Grand Cherokee vehicles.  A hybrid control processor (HCP) software error may cause the defrosting and defogging system to be inoperative.  As such, these vehicles fail to comply with the requirements of Federal Motor Vehicle Safety Standard number 103, ""Windshield Defrosting and Defogging Systems.""","An inoperative windshield defrosting and defogging system may decrease the driver's visibility, increasing the risk of a crash.","Dealers will update the HCP software, free of charge.  Owner notification letters were mailed February 29, 2024.  Owners may contact Chrysler customer service at 1-800-853-1403.  Chrysler's number for this recall is 04B."
24V125000,Toyota Motor Engineering & Manufacturing,ECU / Gateway Yazılım & Kalibrasyon (OTA),POWER TRAIN:AUTOMATIC TRANSMISSION,,HAYIR,1,Toyota Tundra (2022),"Toyota Motor Engineering & Manufacturing (Toyota) is recalling certain 2022-2024 Tundra, Tundra Hybrid, Lexus LX600, and 2023-2024 Sequoia Hybrid vehicles.  Unexpected vehicle movement may occur when the vehicle is in neutral and the brakes are not applied.",Unexpected vehicle movement can increase the risk of a crash.,"Dealers will update the transmission control ECU software, free of charge.  Owner notification letters were mailed April 8, 2024.  Owners may contact Toyota customer service at 1-800-331-4331.  Toyota's numbers for this recall are 24TA02 and 24LA02."
24V188000,Ford Motor Company,"Gösterge Paneli, Ekran & HMI Donanımı",BACK OVER PREVENTION: SENSING SYSTEM: CAMERA,Instrument Cluster & HMI Display,HAYIR,1,Ford Explorer (2020),"Ford Motor Company (Ford) is recalling certain 2020 Explorer vehicles.  Due to a poor electrical connection, the rearview camera may intermittently display a blank or distorted image.  As such, these vehicles fail to comply with the requirements of Federal Motor Vehicle Safety Standard number 111, ""Rear Visibility.""","A rearview camera that displays a blank or distorted image can reduce the drivers view of what is behind the vehicle, increasing the risk of a crash.","Dealers will replace the rearview camera, free of charge.  Owner notification letters were mailed April 4, 2024.  Owners may contact Ford customer service at 1-866-436-7332.  Ford's number for this recall is 20C19.  This recall is an expansion of NHTSA recall numbers 20V-575 and 22V-252."
24V200000,"Kia America, Inc.",CAN-Bus & Ağ Haberleşme Arızaları,ELECTRICAL SYSTEM:12V/24V/48V BATTERY,High Voltage BMS & Power Distribution,HAYIR,2,Kia Ev6 (2022); Kia Ev6 (2023),"Kia America, Inc. (Kia) is recalling certain 2022-2024 EV6 vehicles.  The Integrated Charging Control Unit (ICCU) may become damaged and stop charging the 12-Volt battery, which can result in a loss of drive power.",A loss of drive power increases the risk of a crash.,"Dealers will inspect and replace the ICCU and its fuse, as necessary.  In addition, dealers will update the ICCU software.  All repairs will be performed free of charge.  Owner notification letters are expected to be mailed April 29, 2024.  Owners may contact Kia customer service at 1-800-333-4542.  Kia's number for this recall is SC302."
24V204000,Hyundai Motor America,CAN-Bus & Ağ Haberleşme Arızaları,ELECTRICAL SYSTEM:12V/24V/48V BATTERY,High Voltage BMS & Power Distribution,HAYIR,2,Hyundai Ioniq 5 (2022); Hyundai Ioniq 5 (2023),"Hyundai Motor America (Hyundai) is recalling certain 2022-2024 IONIQ 5, 2023-2024 IONIQ 6, Genesis GV60, Genesis GV70 ""Electrified,"" and Genesis G80 ""Electrified"" vehicles.  The Integrated Charging Control Unit (ICCU) may become damaged and stop charging the 12-Volt battery, which can result in a loss of drive power.",A loss of drive power increases the risk of a crash.,"This recall is replaced by NHTSA recall number 24V-868.  Vehicles already repaired under this recall will need to have the new remedy completed. Dealers will inspect and replace the ICCU and its fuse, as necessary.  In addition, dealers will update the ICCU software.  All repairs will be performed free of charge.  Owner notification letters were mailed April 22, 2024.  Owners may contact Hyundai customer service at 1-855-371-9460.  Hyundai's number for this recall is 257/021G."
24V214000,"Kia America, Inc.",CAN-Bus & Ağ Haberleşme Arızaları,POWER TRAIN:DRIVELINE:DRIVESHAFT,,HAYIR,1,Kia Telluride (2022),"Kia America, Inc. (Kia) is recalling certain 2020-2024 Telluride vehicles.  The intermediate shaft and right front driveshaft may not be fully engaged, which can result in vehicle roll away while in PARK.",A vehicle roll away increases the risk of a crash or injury.,"Owners are advised to manually engage the emergency parking brake prior to exiting the vehicle until the recall remedy is performed.  Dealers will update the electronic parking brake software and replace any damaged intermediate shafts as necessary, free of charge.  Owner notification letters were mailed May 15, 2024.  Owners may contact Kia customer service at 1-800-333-4542.  Kia's number for this recall is SC303."
24V274000,Toyota Motor Engineering & Manufacturing,ECU / Gateway Yazılım & Kalibrasyon (OTA),ELECTRICAL SYSTEM:WIRING:SWITCHES/KNOBS/BUTTONS,Wiring Harness & Bus Physical Layer,HAYIR,1,Toyota Prius (2023),"Toyota Motor Engineering & Manufacturing (Toyota) is recalling certain 2023-2024 Prius and Prius Prime vehicles.  Water may enter the rear door switch and cause a short circuit, allowing an unlocked rear door to open unexpectedly.",A door that unexpectedly opens while the vehicle is moving or during a crash increases the risk of injury.,"Dealers will replace both right and left rear door opener switches, free of charge.  Owner letters were mailed August 9, 2024.  Owners may contact Toyota customer service at 1-800-331-4331.  Toyota's numbers for this recall are 24TB06 and 24TA06."
24V289000,"Chrysler (FCA US, LLC)","Gösterge Paneli, Ekran & HMI Donanımı",BACK OVER PREVENTION: SENSING SYSTEM: CAMERA,Instrument Cluster & HMI Display,HAYIR,1,Jeep Grand Cherokee (2022),"Chrysler (FCA US, LLC) is recalling certain 2022-2023 Jeep Grand Cherokee and 2023-2024 Jeep Grand Cherokee L vehicles.  An improperly connected coaxial cable may prevent the rearview camera image from displaying.  As such, these vehicles fail to comply with the requirements of Federal Motor Vehicle Safety Standard number 111, ""Rear Visibility.""","A rearview camera image that does not display decreases the driver's visibility, increasing the risk of injury or crash.","Dealers will secure the coaxial cable connection, free of charge.  All affected vehicles have been remedied.  Owners may contact FCA US, LLC customer service at 1-800-853-1403.  FCA US, LLC's number for this recall is 40B."
24V330000,Ford Motor Company,ECU / Gateway Yazılım & Kalibrasyon (OTA),POWER TRAIN:AUTOMATIC TRANSMISSION:CONTROL MODULE (TCM/PCM/TECM),Powertrain Control Module (PCM),HAYIR,1,Ford Escape (2021),"Ford Motor Company (Ford) is recalling certain 2022-2024 Maverick, 2020-2022 Escape, and 2021-2022 Lincoln Corsair vehicles.  The Hybrid Powertrain Control Module (HPCM) software may cause the vehicle to shift into neutral unexpectedly, causing a loss of drive power.",A loss of drive power increases the risk of a crash.,"Dealers will update the HPCM software, free of charge.  Owner notification letters were mailed May 22, 2024.  Owners may contact Ford customer service at 1-866-436-7332.  Ford's number for this recall is 24S33."
24V344000,"Volkswagen Group of America, Inc.",CAN-Bus & Ağ Haberleşme Arızaları,BACK OVER PREVENTION:SOFTWARE,Instrument Cluster & HMI Display,HAYIR,3,Volkswagen Id.4 (2021); Volkswagen Id.4 (2022); Volkswagen Id.4 (2023),"Volkswagen Group of America, Inc. (VW) is recalling certain 2021-2023 ID.4 vehicles.  Due to a software issue, affected vehicles may experience center displays and instrument panel displays that do not boot, or that sporadically reset.  This can result in loss of speedometer information or loss of rearview camera image.  As such, these vehicles fail to comply with the requirements of Federal Motor Vehicle Safety Standard numbers 101, ""Control and Displays"" and 111, ""Rear Visibility.""","Displays that do not show critical information, such as vehicle speed or the rearview camera image, increase the risk of a crash.","Dealers will update the vehicle software, free of charge.  Owner notification letters were mailed on December 20, 2024.  Owners may contact VW customer service at 1-800-893-5298.  VW's number for this recall is 919A."
24V381000,Toyota Motor Engineering & Manufacturing,CAN-Bus & Ağ Haberleşme Arızaları,ENGINE AND ENGINE COOLING:ENGINE:HARD PARTS INTERNAL/MECHANICAL,,HAYIR,1,Toyota Tundra (2022),"Toyota Motor Engineering & Manufacturing (Toyota) is recalling certain 2022-2023 Tundra and Lexus LX600 vehicles equipped with a V35A engine.  Debris from the manufacturing process may contaminate the engine and cause the main bearings to fail, which can result in an engine stall and loss of drive power.",A loss of drive power increases the risk of a crash.,"Dealers will replace the engine assembly, free of charge. Owner letters were mailed between December 17, 2024 and February 19, 2025. Owners may contact Toyota customer service at 1-800-331-4331. Toyota's numbers for this recall are 24TB07/24TA07 and 24LB04/24LA04."
24V407000,"Kia America, Inc.",CAN-Bus & Ağ Haberleşme Arızaları,SEATS:FRONT ASSEMBLY:POWER ADJUST,,HAYIR,1,Kia Telluride (2022),"Kia America, Inc. (Kia) is recalling certain 2020-2024 Telluride vehicles.  The front power seat motor may overheat due to a stuck power seat slide knob, which can result in a fire while parked or driving.",A fire increases the risk of injury.,"Owners are advised to park outside and away from structures until the recall repair is complete.  Dealers will install a bracket for the power seat switch back covers and replace the seat slide knobs, free of charge.  Owner notification letters were mailed July 30, 2024.  Owners may contact Kia customer service at 1-800-333-4542.  Kia's number for this recall is SC316."
24V419000,"Gulf States Toyota, Inc.",ECU / Gateway Yazılım & Kalibrasyon (OTA),TIRES,,HAYIR,1,Toyota Highlander (2022),"Gulf States Toyota, Inc. (GST) is recalling certain 2022-2024 model year Highlander L and Highlander LE vehicles equipped with the Blackout Package that includes 20"" black alloy wheels and tires.  The installed tires have an insufficient load rating.  As such, these vehicles fail to comply with the requirements of Federal Motor Vehicle Safety Standard number 110, ""Tire Selection and Rims.""","Tires with an insufficient load rating may be overloaded and fail, increasing the risk of a crash.","GST will inspect and replace the tires as necessary, and install a new tire information label as necessary, free of charge.  Owner notification letters were mailed August 8, 2024.  Owners may contact GST customer service at 1-800-444-1074.  GST's number for this recall is 24R1."
24V436000,"Chrysler (FCA US, LLC)",ECU / Gateway Yazılım & Kalibrasyon (OTA),BACK OVER PREVENTION: SENSING SYSTEM: CAMERA,Instrument Cluster & HMI Display,EVET,2,Ram 1500 (2022); Jeep Grand Cherokee (2022),"Chrysler (FCA US, LLC) is recalling certain 2021-2022 Dodge Durango, 2021-2023 Chrysler Pacifica, Jeep Grand Cherokee L, 2022 Ram 1500, 2500, 3500, Chrysler Voyager, 2022-2023 Jeep Compass, Grand Cherokee, Wagoneer, Grand Wagoneer, and Ram Promaster vehicles.  The radio software may prevent the rearview image from displaying.  As such, these vehicles fail to comply with the requirements of Federal Motor Vehicle Safety Standard number 111, ""Rear Visibility.""","A rearview camera image that does not display decreases the driver's visibility, increasing the risk of a crash.","Dealers will update the radio software or the software will be OTA, ""Over-The-Air,"" free of charge.  Owner notification letters were mailed beginning July 9, 2024.  Owners may contact FCA US, LLC customer service at 1-800-853-1403.  FCA US, LLC's numbers for this recall are 66B and 79B."
24V437000,"Chrysler (FCA US, LLC)","Gösterge Paneli, Ekran & HMI Donanımı",BACK OVER PREVENTION: SENSING SYSTEM: CAMERA,Instrument Cluster & HMI Display; Wiring Harness & Bus Physical Layer,HAYIR,1,Ram 1500 (2022),"Chrysler (FCA US, LLC) is recalling one 2022 Ram 1500 Classic vehicle.  The wiring harness may short circuit and prevent the rearview image from displaying.  As such, this vehicle fails to comply with the requirements of Federal Motor Vehicle Safety Standard number 111, ""Rear Visibility.""","A rearview camera image that does not display decreases the driver's visibility, increasing the risk of a crash.","Dealers will replace the wiring harness, free of charge.  The vehicle has been remedied.  Owners may contact FCA US, LLC customer service at 1-800-853-1403.  FCA US, LLC's number for this recall is 65B."
24V443000,Ford Motor Company,ECU / Gateway Yazılım & Kalibrasyon (OTA),ELECTRICAL SYSTEM:BODY CONTROL MODULE:SOFTWARE,Body Control Module (BCM),HAYIR,1,Ford F-150 (2021),Ford Motor Company (Ford) is recalling certain 2021 F-150 vehicles equipped with the Onboard Scales feature.  An over-the-air software update to the body control module (BCM) may have disabled both reverse lights.,"Disabled reverse lights cannot alert others that the vehicle is reversing, increasing the risk of a crash.","Dealers will update the body control module software, free of charge.  Owner notification letters are were mailed June 26, 2024.   Owners may contact Ford customer service at 1-866-436-7332.  Ford's number for this recall is 24S38."
24V452000,"Southeast Toyota Distributors, LLC",ECU / Gateway Yazılım & Kalibrasyon (OTA),TIRES,,HAYIR,1,Toyota Highlander (2022),"Southeast Toyota Distributors, LLC (SET) is recalling certain 2021-2024 Highlander vehicles.  The 20-inch accessory tires with an insufficient load rating for the vehicle's Gross Axle Weight Rating (GAWR) were installed.  As such, these vehicles fail to comply with the requirements of Federal Motor Vehicle Safety Standard number 110, ""Tire Selection and Rims.""","Tires with an insufficient load rating can be overloaded and fail, increasing the risk of a crash.","SET will inspect and replace the tires and information placard, as necessary free of charge.  Owner notification letters were mailed August 16, 2024.  Owners may contact SET's customer service at 1-866-405-4226.  SET's number for this recall is SET24A."
24V464000,"Volkswagen Group of America, Inc.","Fiziksel Tesisat, Soket & CAN Hat Korozyonu",AIR BAGS:SENSOR:OCCUPANT CLASSIFICATION:FRONT PASSENGER,Wiring Harness & Bus Physical Layer,HAYIR,1,Volkswagen Atlas (2022),"Volkswagen Group of America, Inc. (Volkswagen) is recalling certain 2021-2024 Atlas and 2020-2024 Atlas Cross Sport vehicles.  The passenger occupant detection system (PODS) may experience a fault in the wiring and deactivate the front passenger air bag when the seat is occupied.",A deactivated passenger air bag increases the risk of injury during a crash.,"Dealers will replace the PODS sensor mat and wiring harness, free of charge.  Owner notification letters were mailed on September 30, 2024.  Owner notification letters will be mailed in phases, on October 18, 2024, December 10, 2024, December 20, 2024, and January 17, 2025. Owners may contact Volkswagen's customer service at 1-800-893-5298.  Volkswagen's number for this recall is 69PZ."
24V481000,"General Motors, LLC",Yüksek Voltaj (HV) & Batarya Yönetimi (BMS),ELECTRICAL SYSTEM:PROPULSION SYSTEM:TRACTION BATTERY,High Voltage BMS & Power Distribution,HAYIR,3,Chevrolet Bolt Ev (2020); Chevrolet Bolt Ev (2022); Chevrolet Bolt Euv (2022),"General Motors, LLC (GM) is recalling certain 2020-2022 Chevrolet Bolt EV and 2022 Chevrolet Bolt EUV vehicles that were previously remedied under recall number 21V-650.  The advanced diagnostic software may have been incorrectly installed and fail to detect defective battery modules, possibly resulting in a battery fire.",A battery fire increases the risk of injury.,"Owners are advised to take the following interim steps:  Set the Target Charge Level feature in their vehicle to limit the charge level to 90%, charge their vehicle more frequently, avoid depleting the battery to 70 miles range remaining, park outside after charging, and do not charge the vehicle indoors overnight.  Dealers will reinstall the advanced diagnostic software, free of charge.  Owner notification letters were mailed on August 1, 2024.  Owners may contact the Bolt EV Concierge Team at 1-833-382-4389.  GM's numbers for this recall are N242443000 and N242443002."
24V548000,"Gulf States Toyota, Inc.",ECU / Gateway Yazılım & Kalibrasyon (OTA),EQUIPMENT:OTHER:LABELS,Instrument Cluster & HMI Display,HAYIR,1,Toyota Prius (2023),"Gulf States Toyota, Inc. (GST) is recalling certain Toyota 2023 GR Supra, 2024 4 Runner, Corolla, Grand Highlander, Grand Highlander Hybrid, Land Cruiser Hybrid, Tacoma, Tacoma Hybrid, 2023-2024 BZ4X, Corolla Cross Hybrid, GR Corolla, GR86, Highlander, Highlander Hybrid, Prius, Prius Prime, Sequoia Hybrid, Tundra, Tundra Hybrid, Venza Hybrid, 2023-2025 Crown, and 2025 Camry Hybrid vehicles equipped with GST accessories.  The load carrying capacity modification label may display inaccurate added weight values.  As such, these vehicles fail to comply with the requirements of Federal Motor Vehicle Safety Standard number 110, ""Tire Selection and Rims.""","A vehicle with an incorrect maximum capacity weight value may be overloaded, which can increase the risk of a crash.","GST will mail new labels to owners, free of charge.  Owner notification letters were mailed September 16, 2024.  Owners may contact GST customer service at 1-800-444-1074.  GST's number for this recall is 24R2."
24V572000,"Chrysler (FCA US, LLC)",CAN-Bus & Ağ Haberleşme Arızaları,POWER TRAIN:MANUAL TRANSMISSION:CONTROL MODULE:SOFTWARE,Powertrain Control Module (PCM),HAYIR,1,Jeep Wrangler (2021),"Chrysler (FCA US, LLC) is recalling certain 2021 Jeep Wrangler and Jeep Gladiator vehicles that were previously remedied under NHTSA recall number 23V-116.  The software for the powertrain control module may cause an engine stall, which can result in a loss of drive power.",A loss of drive power increases the risk of a crash.,"Dealers will update the powertrain control module software, free of charge.  Owner notification letters were mailed August 15, 2024.  Owners may contact FCA US, LLC customer service at 1-800-853-1403.  FCA US LLC's number for this recall is 92B.  Vehicles previously repaired under recall 23V-116 will need to have the new remedy completed."
24V589000,"General Motors, LLC","Elektronik Şasi, Fren & Direksiyon Kontrolü","SERVICE BRAKES, HYDRAULIC:ANTILOCK/TRACTION CONTROL/ELECTRONIC LIMITED SLIP:CONTROL UNIT/MODULE",Braking & Chassis Module,EVET,1,Cadillac Lyriq (2023),"General Motors, LLC (GM) is recalling certain 2023-2024 Cadillac LYRIQ all-wheel drive vehicles.  The anti-lock brake system (ABS) may activate unexpectedly and release brake pressure in the vehicle's service brake system.","A release of brake pressure can cause a loss of braking ability, increasing the risk of a crash.","The electronic brake control module software will be updated through an over-the-air (OTA) update or by a dealer, free of charge.  Owner notification letters were mailed September 3, 2024.  Owners may contact Cadillac's customer service at 1-800-458-8006 or EV Concierge at 1-844-EV-CADILLAC (1-844-382-2345).  GM's number for this recall is N242453471."
24V635000,Ford Motor Company,CAN-Bus & Ağ Haberleşme Arızaları,ENGINE AND ENGINE COOLING:ENGINE:HARD PARTS INTERNAL/MECHANICAL,,HAYIR,4,Ford F-150 (2021); Ford F-150 (2022); Ford Explorer (2022) (+1 diğer),"Ford Motor Company (Ford) is recalling certain 2021-2022 Bronco, F-150, Edge, Explorer, Lincoln Nautilus, and Lincoln Aviator vehicles equipped with either a 2.7L or 3.0L Nano EcoBoost engine.  The engine intake valves may break while driving, which can result in engine failure and a loss of drive power.",A loss of drive power increases the risk of a crash.,"Dealers will perform an engine cycle test and replace the engine as necessary, free of charge. Owner notification letters were mailed July 3, 2025. Owners may contact Ford customer service at 1-866-436-7332.  Ford's number for this recall is 24S55."
24V643000,"Volkswagen Group of America, Inc.",Otomotiv Elektrik & Güç Dağıtım Sistemleri,AIR BAGS:FRONTAL:PASSENGER SIDE:INFLATOR MODULE,,HAYIR,1,Volkswagen Id.4 (2023),"Volkswagen Group of America, Inc. (VW) is recalling certain 2023-2024 ID4 vehicles.  The fasteners securing the passenger frontal air bag inflator may be loose.","An improperly secured air bag inflator may not deploy as intended, increasing the risk of injury during a crash.","Dealers will inspect and replace the air bag as necessary, free of charge. Owner notification letters were mailed October 10, 2024. Owners may contact Volkswagen customer service at 1-800-893-5298. Volkswagens number for this recall is 69E8."
24V651000,"Volkswagen Group of America, Inc.",CAN-Bus & Ağ Haberleşme Arızaları,STRUCTURE:BODY:DOOR:HANDLE:EXTERIOR,,HAYIR,3,Volkswagen Id.4 (2021); Volkswagen Id.4 (2022); Volkswagen Id.4 (2023),"Volkswagen Group of America, Inc. (Volkswagen) is recalling certain 2021-2024 ID.4 vehicles.  The door handles may allow water to enter the circuit board assembly, which can cause the doors to open unexpectedly.",A vehicle door that opens unexpectedly while driving increases the risk of injury.,"Volkswagen dealers will inspect and replace the door handles as necessary, and update the vehicle software, free of charge.  Owner notification letters were mailed on December 27, 2024.  Owners may contact Volkswagen's customer service at 1-800-893-5298.  Volkswagen's number for this recall is 57J9.  This recall expands previous recall numbers 23V-312 and 23V-213.  Vehicles previously repaired under 23V-312 and 23V-213 will need to have the new remedy completed."
24V652000,"Chrysler (FCA US, LLC)","Gösterge Paneli, Ekran & HMI Donanımı",ELECTRICAL SYSTEM: INSTRUMENT CLUSTER/PANEL,Instrument Cluster & HMI Display,HAYIR,2,Jeep Wrangler (2021); Jeep Wrangler (2022),"Chrysler (FCA US, LLC) is recalling certain 2020-2024 Jeep Gladiator and 2018-2024 Jeep Wrangler vehicles.  The instrument panel cluster may experience an internal short circuit and fail.  As such, these vehicles fail to comply with the requirements of Federal Motor Vehicle Safety Standard number 101, ""Controls and Displays.""","An instrument panel that fails to display critical safety information, such as the speedometer or warning lights, can increase the risk of a crash.","Dealers will replace the instrument panel cluster, free of charge.  Owner notification letters were mailed between October 3, 2024, and January 23, 2025.  Owners may contact FCA customer service at 1-800-853-1403.  FCA's number for this recall is 30B."
24V653000,"Chrysler (FCA US, LLC)",ECU / Gateway Yazılım & Kalibrasyon (OTA),"SERVICE BRAKES, HYDRAULIC:ANTILOCK/TRACTION CONTROL/ELECTRONIC LIMITED SLIP:CONTROL UNIT/MODULE",Braking & Chassis Module,HAYIR,2,Ram 1500 (2021); Ram 1500 (2022),"Chrysler (FCA US, LLC) is recalling certain 2019, 2021-2024 Ram 1500 vehicles.  Due to a software malfunction, the anti-lock brake system (ABS) control module may disable the electronic stability control system.  As such, these vehicles fail to comply with the requirements of Federal Motor Vehicle Safety Standard number 126, ""Electronic Stability Control Systems.""",Driving with a disabled electronic stability control system can increase the risk of a crash.,"Dealers will update the ABS control module software, free of charge.  Interim notification letters, notifying owners of the safety risk, were mailed October 10, 2024.  Owner notification letters were mailed beginning September 26, 2024.  Owners may contact FCA US, LLC customer service at 1-800-853-1403.  FCA US, LLC's number for this recall is 85B."
24V674000,"General Motors, LLC",ECU / Gateway Yazılım & Kalibrasyon (OTA),"SERVICE BRAKES, HYDRAULIC:BRAKE FLUID LOW WARNING: LAMP",Braking & Chassis Module; Instrument Cluster & HMI Display,EVET,1,Chevrolet Silverado 1500 (2023),"General Motors, LLC (GM) is recalling certain 2023 Chevrolet Silverado 1500, GMC Sierra 1500, 2023-2024 Chevrolet Tahoe, Suburban, GMC Yukon, Yukon XL, Cadillac Escalade, and Escalade ESV vehicles.  The electronic brake control module software may fail to display a warning light when a loss of brake fluid occurs.  As such, these vehicles fail to comply with the requirements of Federal Vehicle Safety Standard number 135, ""Light Vehicle Brake Systems.""","Without a warning light, the vehicle may be driven with low brake fluid, which can reduce braking performance and increase the risk of a crash.","The Electronic Brake Control Module (eBCM) software will be updated through an over-the-air (OTA) update or by a dealer, free of charge.  Owner notification letters were mailed October 25, 2024.  Owners can contact GMC customer service at 1-800-462-8782, Chevrolet customer service at 1-800-222-1020, or Cadillac customer service at 1-800-458-8006.  GM's number for this recall is N242447990."
24V676000,"Chrysler (FCA US, LLC)",CAN-Bus & Ağ Haberleşme Arızaları,BACK OVER PREVENTION: SENSING SYSTEM: CAMERA,Instrument Cluster & HMI Display; Wiring Harness & Bus Physical Layer,HAYIR,2,Jeep Wrangler (2021); Jeep Wrangler (2022),"Chrysler (FCA US, LLC) is recalling certain 2018-2024 Jeep Wrangler vehicles.  The wiring harness for the rearview camera and the center brake light may short circuit, which can disable the rearview camera image and center brake light.  As such, these vehicles fail to comply with the requirements of Federal Motor Vehicle Safety Standard numbers 111, ""Rear Visibility"" and 108, ""Lamps, Reflective Devices, and Associated Equipment.""","A rearview camera image that does not display decreases the driver's visibility, increasing the risk of a crash.  Additionally, a center brake light that fails to illuminate can fail to indicate to other drivers that the vehicle is slowing down, increasing the risk of a crash.","Dealers replaced the harness for the center brake light and rearview camera and/or the spare tire carrier/harness assembly, as necessary, free of charge.  All vehicles were repaired by January 15, 2024.  Owner notification letters were mailed September 26, 2024.  Owners may contact FCA US, LLC customer service at 1-800-853-1403.  FCA US, LLC's number for this recall is 77B."
24V682000,Ford Motor Company,Gövde Elektroniği & Aydınlatma Kontrolü (BCM),EXTERIOR LIGHTING:LIGHTING CONTROL MODULE,Body Control Module (BCM),HAYIR,1,Ford F-150 (2022),"Ford Motor Company (Ford) is recalling certain 2022 F-150 vehicles.  The parking lights may flicker when the headlights are activated.  As such, these vehicles fail to comply with the requirements of Federal Motor Vehicle Safety Standard number 108, ""Lamps, Reflective Devices, and Associated Equipment.""","Flickering parking lights can reduce visibility, increasing the risk of a crash.","Dealers will replace the LED Driver module, free of charge.  Owner notification letters were mailed on March 10, 2025.  Owners may contact Ford customer service at 1-866-436-7332.  Ford's number for this recall is 24C30.  These vehicles were previously recalled for this same issue under 22V-686 and will need to have the new remedy performed."
24V720000,"Chrysler (FCA US, LLC)",Yüksek Voltaj (HV) & Batarya Yönetimi (BMS),ELECTRICAL SYSTEM:PROPULSION SYSTEM:TRACTION BATTERY,High Voltage BMS & Power Distribution,HAYIR,1,Jeep Wrangler 4Xe (2022),"Chrysler (FCA US, LLC) is recalling certain 2020-2024 Jeep Wrangler 4XE and 2022-2024 Jeep Grand Cherokee 4XE vehicles.  The high voltage battery may fail internally and lead to a vehicle fire while parked or driving.",A vehicle fire while parked or driving can increase the risk of injury.,"This recall is replaced by NHTSA recall number 25V741. Vehicles already repaired under this recall will need to have the new remedy completed. Owners are advised to park outside and away from structures, and not to recharge their vehicles until they are repaired.  Dealers will update the high voltage battery pack software and replace the battery pack assembly, if necessary, free of charge.  Interim notification letters, notifying owners of the safety risk, were mailed October 11, 2024.  Owner notification letters were mailed beginning December 2024.  Owners may contact Chrysler customer service at 1-800-853-1403.  Chrysler's number for this recall is 95B.  Vehicles in this recall that were previously recalled for the same issue under NHTSA Recall 23V-787 will need to have the new remedy performed."
24V797000,"General Motors, LLC",ECU / Gateway Yazılım & Kalibrasyon (OTA),POWER TRAIN:AUTOMATIC TRANSMISSION:CONTROL MODULE:SOFTWARE,,HAYIR,3,Chevrolet Silverado 1500 (2021); Chevrolet Silverado 1500 (2022); Gmc Sierra 1500 (2022),"General Motors, LLC (GM) is recalling certain 2020-2022 Chevrolet Silverado 1500, 2500, 3500, GMC Sierra 1500, 2500, 3500, 2021 Cadillac Escalade, Escalade ESV, Chevrolet Tahoe, Suburban, GMC Yukon, and Yukon XL vehicles equipped with diesel engines.  The transmission control valve may fail and cause the rear wheels to lock-up.",Rear wheel lock-up can increase the risk of a crash.,"Dealers will install new transmission control module software, free of charge.  GM will provide a special coverage program to cover the repair of transmissions that are identified by the remedy software as containing a defective control valve.  Owner notification letters were mailed December 12, 2024.  Owners may contact GM customer service at 1-888-988-7267, Cadillac customer service at 1-800-458-8006, GMC customer service at GMC 1-800-462-8782 or Chevrolet customer service at 1-800-222-1020.  GM's number for this recall is N242454440."
24V812000,"General Motors, LLC",Yüksek Voltaj (HV) & Batarya Yönetimi (BMS),ELECTRICAL SYSTEM:PROPULSION SYSTEM:TRACTION BATTERY,High Voltage BMS & Power Distribution,HAYIR,3,Chevrolet Bolt Ev (2020); Chevrolet Bolt Ev (2022); Chevrolet Bolt Euv (2022),"General Motors, LLC (GM) is recalling certain 2020-2022 Chevrolet Bolt EV and 2022 Bolt EUV vehicles previously repaired under Recall 21V-650.  The installation of advanced diagnostic software may have failed.  As such, the high voltage battery could catch fire when charged to full or nearly full capacity.",A battery fire increases the risk of injury.,"Owners are advised to take the following interim steps: Set the Target Charge Level feature in their vehicle to limit the charge level to 90%, charge their vehicle more frequently, avoid depleting the battery to 70 miles range remaining, park outside after charging, and do not charge the vehicle indoors overnight.  Dealers will reinstall advanced diagnostic software, free of charge.  Owner notification letters were mailed December 3, 2024.  Owners may contact the Bolt EV Concierge Team at 1-833-382-4389.  GM's number for this recall is N242470160."
24V867000,"Kia America, Inc.",CAN-Bus & Ağ Haberleşme Arızaları,ELECTRICAL SYSTEM:12V/24V/48V BATTERY,High Voltage BMS & Power Distribution,HAYIR,2,Kia Ev6 (2022); Kia Ev6 (2023),"Kia America, Inc. (Kia) is recalling certain 2022-2024 EV6 vehicles.  The Integrated Charging Control Unit (ICCU) may become damaged and stop charging the 12-volt battery, which can result in a loss of drive power.",A loss of drive power increases the risk of a crash.,"Dealers will inspect and replace the ICCU and its fuse, as necessary.  In addition, dealers will update the ICCU software.  All repairs will be performed free of charge.  Owner notification letters were mailed December 13, 2024.  Owners may contact Kia customer service at 1-800-333-4542.  Kia's number for this recall is SC327.  This recall expands and replaces previous recall number 24V-200.  Vehicles previously repaired under recall 24V-200 will need to have the new remedy completed."
24V868000,Hyundai Motor America,CAN-Bus & Ağ Haberleşme Arızaları,ELECTRICAL SYSTEM:12V/24V/48V BATTERY,High Voltage BMS & Power Distribution,HAYIR,2,Hyundai Ioniq 5 (2022); Hyundai Ioniq 5 (2023),"Hyundai Motor America (Hyundai) is recalling certain 2022-2024 IONIQ 5, 2023-2025 IONIQ 6, Genesis GV60, Genesis GV70 ""Electrified,"" and Genesis G80 ""Electrified"" vehicles.  The Integrated Charging Control Unit (ICCU) may become damaged and stop charging the 12-volt battery, which can result in a loss of drive power.",A loss of drive power increases the risk of a crash.,"Dealers will inspect and replace the ICCU and its fuse, as necessary.  In addition, dealers will update the ICCU software.  All repairs will be performed free of charge.  Owner notification letters were mailed December 20, 2024.  Owners may contact Hyundai customer service at 1-855-371-9460 or Genesis customer service at 1-844-340-9741.  Hyundai's numbers for this recall are 272 (Hyundai) and 025G (Genesis).  This recall expands and replaces previous recall number 24V-204. Vehicles previously repaired under recall 24V-204 will need to have the new remedy completed."
24V875000,"Volkswagen Group of America, Inc.","Gösterge Paneli, Ekran & HMI Donanımı",BACK OVER PREVENTION: SENSING SYSTEM: CAMERA,Instrument Cluster & HMI Display,HAYIR,1,Volkswagen Id.4 (2023),"Volkswagen Group of America, Inc. (Volkswagen) is recalling certain 2023 ID.4 vehicles.  The rearview camera image may not display when the vehicle is placed in reverse or when the park function is manually activated.  As such, these vehicles fail to comply with the requirements of Federal Motor Vehicle Safety Standard number 111, ""Rear Visibility.""","A blank rearview camera display can reduce the driver's rear visibility, increasing the risk of a crash.","Dealers will replace the peripheral camera control module, free of charge.  Owner notification letters were mailed December 26, 2025.  Owners may contact Volkswagen customer service at 1-800-893-5298.  Volkswagen's number for this recall is 91B3."
24V897000,"Chrysler (FCA US, LLC)",Otomotiv Elektrik & Güç Dağıtım Sistemleri,AIR BAGS:SIDE/WINDOW,Wiring Harness & Bus Physical Layer,HAYIR,1,Jeep Grand Cherokee (2022),"Chrysler (FCA US, LLC) is recalling certain 2022-2024 Jeep Grand Cherokee and 2021-2024 Jeep Grand Cherokee L vehicles.  An improperly secured connector for the front seat side air bags (SAB) may prevent the air bags from deploying.  As such, these vehicles fail to comply with the requirements of Federal Motor Vehicle Safety Standard number 214, ""Side Impact Protection.""",An air bag that does not deploy during a crash increases the risk of injury.,"Dealers secured the connector, free of charge.  All affected vehicles have been remedied.  Owner notification letters were mailed December 17, 2024.  Owners may contact FCA customer service at 1-800-853-1403.  FCA's number for this recall is B3B."
24V898000,"Volkswagen Group of America, Inc.",Yüksek Voltaj (HV) & Batarya Yönetimi (BMS),ELECTRICAL SYSTEM:PROPULSION SYSTEM:TRACTION BATTERY,High Voltage BMS & Power Distribution,HAYIR,1,Audi Q5 (2022),"Volkswagen Group of America, Inc. (Volkswagen) is recalling certain 2022-2023 Audi Q5 PHEV and 2022 Audi A7 PHEV vehicles.  The high-voltage battery may overheat.",A high-voltage battery that overheats increases the risk of a fire.,"Dealers will install advanced diagnostic software as the final remedy, anticipated to be available in the second quarter of 2025.  Volkswagen will monitor available online vehicle data and contact owners as necessary, to advise them not to charge the vehicle until the battery can be replaced.  For vehicles in which online data is unavailable, owners are advised not to charge their batteries until the final remedy becomes available.  Repairs will be performed free of charge.  Owner notification letters were mailed May 1, 2025.  Owners may contact Volkswagen Audi customer service at 1-800-253-2834.  Volkswagen's number for this recall is 93AA. This recall has been replaced by NHTSA recall number 25V080."
24V954000,Ford Motor Company,Yüksek Voltaj (HV) & Batarya Yönetimi (BMS),ELECTRICAL SYSTEM:PROPULSION SYSTEM:TRACTION BATTERY:MANAGEMENT SYSTEM/ENERGY CONTROL MODULE (BMS/BECM),Powertrain Control Module (PCM); High Voltage BMS & Power Distribution,HAYIR,1,Ford Escape (2021),"Ford Motor Company (Ford) is recalling certain 2020-2024 Ford Escape, and 2021-2024 Lincoln Corsair vehicles.  A manufacturing defect in one or more of the high voltage battery cells may result in an internal short circuit and battery failure.","Battery failure can cause a loss of drive power, increasing the risk of a crash.  Battery failure can also increase the risk of a fire.","Owners are advised not to charge battery till the remedy has been completed.  Dealers will perform a battery energy control module (BECM) software update, and replace the high voltage battery pack, as necessary, free of charge. Owner notification letters were mailed on May 30, 2025. Owners may contact Ford customer service at 1-866-436-7332.  Ford's number for this recall is 24S79."
25V002000,"Tesla, Inc.",ECU / Gateway Yazılım & Kalibrasyon (OTA),BACK OVER PREVENTION:SOFTWARE,Instrument Cluster & HMI Display,HAYIR,1,Tesla Model Y (2023),"Tesla, Inc. (Tesla) is recalling certain 2024-2025 Model 3, Model S, 2023-2025 Model X, and Model Y vehicles.  The computer circuit board may short, resulting in the loss of the rearview camera image.  As such, these vehicles fail to comply with the requirements of Federal Motor Vehicle Safety Standard (FMVSS) number 111, ""Rear Visibility.""","A rearview camera that does not display an image reduces the driver's rear view, increasing the risk of a crash.","Tesla released an over-the-air (OTA) software update, free of charge. Tesla will also identify any vehicles that experienced a circuit board failure, or stress that may lead to a circuit board failure, and replace the affected computers, free of charge.  Owner notification letters were mailed March 7, 2025.  Owners may contact Tesla customer service at 1-877-798-3752.  Tesla's number for this recall is SB-25-00-001."
25V025000,Ford Motor Company,"Elektronik Şasi, Fren & Direksiyon Kontrolü",SUSPENSION:REAR:SHOCK ABSORBER,Braking & Chassis Module,HAYIR,1,Ford Bronco (2022),"Ford Motor Company (Ford) is recalling certain 2021-2024 Bronco vehicles.  The rear shock absorbers may corrode and fail, resulting in detachment of the external reservoir.","An external reservoir that detaches from a vehicle can create a road hazard, increasing the risk of a crash.","Dealers will replace the rear shock absorbers, as necessary free of charge. Owner notification letters were mailed August 15, 2025. Owners may contact Ford customer service at 1-866-436-7332.  Ford's number for this recall is 25S01."
25V080000,"Volkswagen Group of America, Inc.",Yüksek Voltaj (HV) & Batarya Yönetimi (BMS),ELECTRICAL SYSTEM:PROPULSION SYSTEM:TRACTION BATTERY,High Voltage BMS & Power Distribution,HAYIR,2,Audi Q5 (2021); Audi Q5 (2022),"Volkswagen Group of America, Inc. (Volkswagen) is recalling certain 2021-2024 Audi Q5, and 2022 A7 E Hybrid Electric PHEV vehicles.  The high-voltage battery may overheat.",A high-voltage battery that overheats increases the risk of a fire.,"Dealers will install advanced diagnostic software , free of charge. Volkswagen will monitor available online vehicle data and contact owners as necessary, to advise them not to charge the vehicle until the battery can be replaced.  For vehicles in which online data is unavailable, owners are advised not to charge their batteries until the final remedy becomes available.  Repairs will be performed free of charge.  This will be a Phased recall. Phase 1 will include Interim letters 2022-2023 model year vehicles. Phase 2 will include Owner letters 2021-2024 model year vehicles, and Phase 3 will include Interim letters 2022-2023 model year vehicles.  Interim owner notification letters informing owners of the safety risk were mailed February 28, 2025, and May 7, 2025. A second notice will be sent once the final remedy is available. Owner notification letters were mailed May 1, 2025. Owners may contact Audi customer service at 1-800-253-2834.  Volkswagen's number for this recall is 93AA.  This recall expands and replaces previous NHTSA recall number 24V898."
25V083000,"Chrysler (FCA US, LLC)",ECU / Gateway Yazılım & Kalibrasyon (OTA),EQUIPMENT:ELECTRICAL:INFOTAINMENT:VIDEO (TOUCH)SCREEN/MONITOR/UNIT,Instrument Cluster & HMI Display,HAYIR,1,Jeep Grand Cherokee (2022),"Chrysler (FCA US, LLC) is recalling certain 2022 Jeep Grand Cherokee and 2021-2022 Jeep Grand Cherokee L vehicles.  The center stack upper display (DCSD) contains a transistor that may overheat and prevent the rearview camera image from displaying.  As such, these vehicles fail to comply with the requirements of Federal Motor Vehicle Safety Standard (FMVSS) number 111, ""Rear Visibility.""","A rearview image that does not display reduces the driver's visibility, increasing the risk of a crash.","Dealers replaced the DCSD, free of charge.  All affected vehicles have been repaired.  Owner notification letters were mailed February 27, 2025.  Owners may contact Chrysler customer service at 800-853-1403.  Chrysler's number for this recall is 11C."
25V092000,"Tesla, Inc.",ECU / Gateway Yazılım & Kalibrasyon (OTA),STEERING:ELECTRIC POWER ASSIST SYSTEM,Electronic Power Steering (EPS),EVET,2,Tesla Model 3 (2023); Tesla Model Y (2023),"Tesla, Inc. (Tesla) is recalling certain 2023 Model 3 and Model Y vehicles operating software prior to 2023.38.4.  The printed circuit board for the electronic power steering assist may experience an overstress condition, causing a loss of power steering assist when the vehicle reaches a stop and then accelerates again.","A loss of power steering assist can require greater steering effort, especially at low speeds, increasing the risk of a crash.","Tesla has released an over-the-air (OTA) software update, free of charge.  Owner notification letters were mailed March 25, 2025.  Owners may contact Tesla customer service at 1-877-798-3752.  Tesla's number for this recall is SB-25-00-004."
25V093000,Ford Motor Company,Otomotiv Elektrik & Güç Dağıtım Sistemleri,SEAT BELTS,,HAYIR,1,Ford Explorer (2020),"Ford Motor Company (Ford) is recalling certain 2020-2021 Explorer and Aviator vehicles.  The seat belt buckle anchor bolts at one or more seating positions may be improperly secured.  Additionally, vehicles may have an improperly secured seat belt retractor anchor bolt and/or seat belt anchor bolt at the second-row center seating position, if equipped.","A loose seat belt or seat belt buckle may not properly restrain an occupant during a crash, increasing the risk of injury.","Dealers will inspect seat belt buckle anchor bolts in all seating positions.  Additionally, dealers will inspect the seat belt retractor anchor bolt and seat belt anchor bolt at the second-row center seating position, if equipped.  If loose anchor bolts are found, the affected seat components will be replaced.  Repairs will be performed free of charge. Owner notification letters were mailed on June 5, 2025. Owners may contact Ford customer service at 866-436-7332.  Ford's number for this recall is 25S09."
25V120000,"Volkswagen Group of America, Inc.","Gösterge Paneli, Ekran & HMI Donanımı",POWER TRAIN:AUTOMATIC TRANSMISSION:GEAR POSITION INDICATION (PRNDL),Instrument Cluster & HMI Display,HAYIR,3,Volkswagen Id.4 (2021); Volkswagen Id.4 (2022); Volkswagen Id.4 (2023),"Volkswagen Group of America, Inc. (Volkswagen) is recalling certain 2021-2023 ID.4, 2022-2023 Audi Q4 e-Tron, and Q4 e-Tron Sportback vehicles. The instrument panel may not properly display the transmission gear lever indicator.  As such, these vehicles fail to comply with the requirements of Federal Motor Vehicle Safety Standard number 102, ""Transmission Shift Lever Sequence, Starter Interlock, and Transmission Braking Effect.""","Failure to display the gear position may result in a vehicle rollaway if the parking brake is not engaged, increasing the risk of a crash.","Dealers will update the brake control unit software, free of charge.  Owner notification letters were mailed March 14, 2025.  Owners may contact Volkswagen customer service at 1-800-893-5298 or Audi customer service at 1-800-253-2834.  Volkswagen's number for this recall is 97H3.  Audi's number for this recall is 454R."
25V132000,Ford Motor Company,ECU / Gateway Yazılım & Kalibrasyon (OTA),ELECTRICAL SYSTEM: INTEGRATED TRAILER BRAKE CONTROL,Braking & Chassis Module,HAYIR,3,Ford F-150 (2021); Ford F-150 (2022); Lincoln Navigator (2022),"Ford Motor Company (Ford) is recalling certain 2021-2022 F-150, 2022 Maverick, Expedition, Lincoln Navigator, F-250, F-350, F-450, and F-550 vehicles previously repaired incorrectly under recall number 22V-193.  Due to a software error, a towed trailer equipped with an electric or electric-over hydraulic brake system may not brake.","Loss of trailer brake functionality can extend the distance required to stop, increasing the risk of a crash.","Dealers will update the integrated trailer brake control module software, free of charge.  Owner notification letters were mailed April 11, 2025.  Owners may contact Ford customer service at 1-866-436-7332.  Ford's number for this recall is 25S18."
25V159000,Ford Motor Company,ECU / Gateway Yazılım & Kalibrasyon (OTA),BACK OVER PREVENTION:SOFTWARE,Instrument Cluster & HMI Display,HAYIR,2,Ford Explorer (2020); Ford Explorer (2022),"Ford Motor Company (Ford) is recalling certain 2020-2023 Explorer, Lincoln Aviator, and 2020-2022 Lincoln Corsair vehicles previously repaired incorrectly under recall number 23V-342.  The video output may fail, preventing the rearview camera image from displaying.","Loss of the rearview camera image can reduce the driver's rear visibility, increasing the risk of a crash.","Dealers will update the Image Processing Module software, free of charge.  Owner notification letters were mailed April 25, 2025.  Owners may contact Ford customer service at 1-866-436-7332.  Ford's number for this recall is 25S27."
25V169000,Ford Motor Company,Otomotiv Elektrik & Güç Dağıtım Sistemleri,POWER TRAIN:AUTOMATIC TRANSMISSION:CONTROL MODULE (TCM/PCM/TECM),Powertrain Control Module (PCM),HAYIR,1,Ford F-150 (2021),Ford Motor Company (Ford) is recalling certain 2021 F-150 vehicles previously repaired incorrectly under recall number 22V-188.  The Diagnostic Trouble Code (DTC) for low transmission fluid pressure may falsely activate and cause the transmission to unexpectedly shift into neutral.,An unexpected shift into neutral will cause a loss of drive power and increase the risk of a crash.,"Dealers will update the Powertrain Control Module (PCM) software, free of charge.  Owner notification letters were mailed April 22, 2025.  Owners may contact Ford customer service at 1-866-436-7332.  Ford's number for this recall is 25S24."
25V179000,"Volvo Car USA, LLC",ECU / Gateway Yazılım & Kalibrasyon (OTA),ELECTRICAL SYSTEM:SOFTWARE,High Voltage BMS & Power Distribution,HAYIR,2,Volvo Xc90 (2021); Volvo Xc60 (2022),"Volvo Car USA, LLC (Volvo Car) is recalling certain 2020-2021 S90, 2020-2022 S60, V60, XC60, XC90, and 2022 V90 plug-in hybrid vehicles.  The high-voltage battery may experience a short circuit within the battery module when the battery is fully charged and the vehicle is parked.",A short circuit in a high-voltage battery increases the risk of a fire.,"Owners are advised not to charge their vehicles until the remedy has been completed.  Dealers will inspect and replace the high-voltage battery module as necessary.  In addition, dealers will update the software to monitor the battery.  All repairs will be performed free of charge.  Owner notification letters were mailed May 28, 2025.  Owners may contact Volvo Car's customer service at 1-800-458-1552.  Volvo Car's number for this recall is R10312."
25V232000,"General Motors, LLC",CAN-Bus & Ağ Haberleşme Arızaları,SUSPENSION:FRONT:STABILIZER BAR,High Voltage BMS & Power Distribution,HAYIR,1,Cadillac Lyriq (2023),"General Motors LLC (GM) is recalling certain 2023-2025 Cadillac LYRIQ vehicles.  The left or right front stabilizer bar bracket bolts may have been improperly tightened, which can allow the bolts to loosen and separate from the vehicle frame.  A detached stabilizer bar or bracket can damage the vehicle's high voltage cables or EV battery coolant lines.","Damaged cables or coolant lines can result in a vehicle shutdown, causing a loss of drive power and increasing the risk of a crash.","Dealers will inspect and tighten the left and/or right stabilizer bar bracket bolts, as necessary, free of charge.  Owner notification letters were mailed May 8, 2025.  Owners may contact Cadilac customer service at 1-800-333-4223.  GM's number for this recall is N252494190."
25V273000,Ford Motor Company,"Gösterge Paneli, Ekran & HMI Donanımı",BACK OVER PREVENTION: SENSING SYSTEM: CAMERA,Instrument Cluster & HMI Display,HAYIR,1,Ford Bronco (2022),Ford Motor Company (Ford) is recalling certain 2022-2023 Bronco vehicles.  The 360-degree view camera may not display a rearview image when the vehicle is placed in reverse.,"Loss of the rearview camera image can reduce the driver's view of what is behind the vehicle, increasing the risk of a crash.","Dealers will replace the rearview camera, free of charge. Owner notification letters were mailed October 8, 2025. Owners may contact Ford Customer Service at 1-866-436-7332.  Ford's number for this recall is 23S48.  This recall expands previous recall number 23V-598."
25V274000,"General Motors, LLC",CAN-Bus & Ağ Haberleşme Arızaları,ENGINE AND ENGINE COOLING:ENGINE:HARD PARTS INTERNAL/MECHANICAL,,HAYIR,4,Chevrolet Silverado 1500 (2021); Chevrolet Silverado 1500 (2022); Chevrolet Silverado 1500 (2023) (+1 diğer),"General Motors LLC (GM) is recalling certain 2021-2024 Cadillac Escalade and Escalade ESV, Chevrolet Silverado 1500, Suburban, and Tahoe, GMC Sierra 1500, Yukon, and Yukon XL vehicles equipped with a 6.2L V8 gas engine.  The connecting rod and/or crankshaft engine components may have manufacturing defects that can lead to engine damage and engine failure.",Engine failure increases the risk of a crash.,"Dealers will inspect the engine, and as necessary, repair or replace the engine.  For vehicles that pass inspection, dealers will add higher viscosity oil, install 6 oil fill cap, replace the oil filter, and update the owner's manual.  Repairs will be performed free of charge.  Owner notification letters were mailed June 18, 2025.  Owners may contact Cadillac customer service at 1-800-333-4223, Chevrolet customer service at 1-800-222-1020, or GMC customer service at 1-800-462-8782.  GM's number for this recall is N252494000."
25V282000,"Volvo Car USA, LLC",ECU / Gateway Yazılım & Kalibrasyon (OTA),BACK OVER PREVENTION:SOFTWARE,Instrument Cluster & HMI Display,EVET,1,Volvo Xc60 (2022),"Volvo Car USA, LLC (Volvo Car) is recalling certain 2021-2025 XC40, 2022 V90, 2022-2025 S90, V90CC, C40, XC60, 2023-2025 S60, V60, V60CC, XC90, and 2025 EC40 and EX40 vehicles.  The rearview camera image may not display when the vehicle is placed in reverse.  As such, these vehicles fail to comply with the requirements of Federal Motor Vehicle Safety Standard number 111, ""Rear Visibility.""","A rearview camera image that does not display reduces the driver's view of what is behind the vehicle, increasing the risk of a crash.","The software will be updated by a dealer or through an over-the-air (OTA) update, free of charge.  Owner notification letters were mailed June 27, 2025.  Owners may contact Volvo Car customer service at 1-800-458-1552.  Volvo Car's number for this recall is R10320."
25V298000,"Chrysler (FCA US, LLC)",CAN-Bus & Ağ Haberleşme Arızaları,AIR BAGS,,HAYIR,2,Ram 1500 (2021); Ram 1500 (2022),"Chrysler (FCA US, LLC) is recalling certain 2019-2024 Ram 1500 vehicles.  The driver's side air bag may not be connected properly, which can cause the air bag not to deploy as intended.  As such, these vehicles fail to comply with the requirements of Federal Motor Vehicle Safety Standard number 208, ""Occupant Crash Protection.""",A driver's side air bag that does not deploy as intended increases the risk of injury in a crash.,"Dealers secured the connectors for the air bag, free of charge.  All vehicles have been remedied.  Owner notification letters were mailed May 27, 2025.  Owners may contact Chrysler customer service at 800-853-1403.  Chrysler's number for this recall is 08C."
25V312000,Ford Motor Company,ECU / Gateway Yazılım & Kalibrasyon (OTA),BACK OVER PREVENTION: SENSING SYSTEM: CAMERA,Instrument Cluster & HMI Display,HAYIR,1,Ford Bronco (2022),"Ford Motor Company (Ford) is recalling certain 2021-2022 Bronco vehicles equipped with 8-inch SYNC infotainment screens that were repaired incorrectly under recall 22V-825.  The rearview camera image may still be displayed after a backing event has ended.  As such, these vehicles fail to comply with the requirements of Federal Motor Vehicle Safety Standard number 111, ""Rear Visibility.""","A rearview image that continues to be displayed after the vehicle is shifted out of reverse may distract the driver, increasing the risk of a crash.","Dealers will update SYNC module software, free of charge.  Owner notification letters were mailed June 18, 2025.  Owners may contact Ford customer service at 1-866-436-7332.  Ford's number for this recall is 25C14."
25V315000,Ford Motor Company,ECU / Gateway Yazılım & Kalibrasyon (OTA),BACK OVER PREVENTION:SOFTWARE,Instrument Cluster & HMI Display,HAYIR,5,Ford F-150 (2021); Ford F-150 (2022); Ford F-150 (2023) (+2 diğer),"Ford Motor Company (Ford) is recalling certain 2021-2024 Bronco, F-150, 2021-2024 Edge, 2022-2025 Escape, F-250, F-350, F-450, F-550, F-600, 2022-2024 Expedition, 2022-2025 Transit, 2021-2023 Mach-E, 2024 Ranger, Mustang, 2021-2023 Lincoln Nautilus, 2022-2024 Navigator, and 2023-2024 Corsair vehicles. A software error may cause the rearview camera image to delay, freeze, or not display when the vehicle is in reverse.","A frozen or missing rearview camera image can reduce the driver's view behind the vehicle, increasing the risk of a crash.","The accessory protocol interface module (APIM) software will be updated by a dealer or through an over-the-air update, free of charge. This will be a phased campaign, with the remedy becoming available in different phases based on model and model years. Interim letters notifying owners of the safety risk were mailed on June 26, 2025. Additional letters will be mailed once the final remedy is available on each phase. Owner notification letters were sent on October 8, 2025. Owners may contact Ford customer service at 1-866-436-7332. Ford's number for this recall is 25S49."
25V322000,Toyota Motor Engineering & Manufacturing,ECU / Gateway Yazılım & Kalibrasyon (OTA),EXTERIOR LIGHTING:BACK UP LIGHTS,,HAYIR,1,Toyota Tundra (2022),Toyota Motor Engineering & Manufacturing (Toyota) is recalling certain 2022-2025 Toyota Tundra and Tundra Hybrid vehicles. Moisture may enter the reverse light assemblies and cause a light failure.,"Reverse light failure may reduce visibility, and not alert pedestrians and other drivers that the vehicle is backing up, increasing the risk of a crash.","Dealers will replace both reverse light assemblies and repair the wire harnesses as necessary, free of charge. Owner letters were mailed May 23, 2026. This is a phased recall. Owners may contact Toyota's customer service at 1-800-331-4331.Toyota's numbers for this recall are 24TB06 and 24TA06."
25V348000,Ford Motor Company,ECU / Gateway Yazılım & Kalibrasyon (OTA),EXTERIOR LIGHTING:BACK UP LIGHTS,Body Control Module (BCM),HAYIR,1,Ford F-150 (2021),Ford Motor Company (Ford) is recalling certain 2021 F-150 vehicles equipped with the Onboard Scales feature that were repaired incorrectly under recall 24V443. An over-the-air software update to the body control module (BCM) may have disabled both reverse lights.,"Inoperative reverse lights may fail to alert others that the vehicle is reversing, increasing the risk of a crash.","Dealers will update the body control module software, free of charge. Owner notification letters were mailed on June 27, 2025. Owners may contact Ford customer service at 1-866-436-7332. Ford's number for this recall is 25S57."
25V356000,"General Motors, LLC",ECU / Gateway Yazılım & Kalibrasyon (OTA),EQUIPMENT:ELECTRICAL:INFOTAINMENT:VIDEO (TOUCH)SCREEN/MONITOR/UNIT,Instrument Cluster & HMI Display,HAYIR,1,Cadillac Lyriq (2023),"General Motors, LLC (GM) is recalling certain 2023 – 2024 model year Cadillac Lyriq vehicles. The driver video display may go blank while driving.","A blank video display can result in a loss of critical safety information, such as the speedometer, warning lights, and rearview camera image, increasing the risk of a crash.","The video display control module software will be updated by a dealer, or through an over-the-air (OTA) update, free of charge. Owner notification letters are expected to be mailed July 14, 2025. Owners may contact Cadillac customer service at 1-800-333-4223. GM's number for this recall is N252500680."
25V395000,"BMW of North America, LLC",ECU / Gateway Yazılım & Kalibrasyon (OTA),ELECTRICAL SYSTEM:PROPULSION SYSTEM:TRACTION MOTOR:CONTROLLER:SOFTWARE,,HAYIR,3,Bmw I4 (2022); Bmw I4 (2023); Bmw Ix (2022),"BMW of North America, LLC (BMW) is recalling certain 2022-2025 i4, 2022-2024 IX, 2023-2024 I7, and 2024 I5 vehicles. The electric drive motor software may shut down the high-voltage system, causing a loss of drive power.",A loss of drive power increases the risk of a crash.,"The electric drive motor software will be updated over-the-air (OTA) or by a dealer, free of charge. Owner notification letters are expected to be mailed August 5, 2025. Owners may contact BMW customer service at 1-800-525-7417."
25V403000,Ford Motor Company,ECU / Gateway Yazılım & Kalibrasyon (OTA),EXTERIOR LIGHTING:LIGHTING CONTROL MODULE:SOFTWARE,Body Control Module (BCM),HAYIR,1,Lincoln Navigator (2022),"Ford Motor Company (Ford) is recalling certain 2022 Lincoln Navigator vehicles previously repaired under Recall 22V455 (22C14). The headlight control module software may cause the side marker and daytime running lights to fail. As such, these vehicles fail to comply with the requirements of Federal Motor Vehicle Safety Standard number 108, ""Lamps, Reflective Devices, and Associated Equipment.""",A loss of exterior lighting can reduce visibility and increase the risk of a crash.,"Dealers will update the headlight control module software, free of charge. Owner notification letters were mailed July 16, 2025. Owners may contact Ford customer service at 1-866-436-7332. Ford's number for this recall is 25C28."
25V442000,Ford Motor Company,ECU / Gateway Yazılım & Kalibrasyon (OTA),BACK OVER PREVENTION:SOFTWARE,Instrument Cluster & HMI Display,HAYIR,3,Ford Explorer (2020); Ford Explorer (2022); Ford Escape (2021),"Ford Motor Company (Ford) is recalling certain 2018-2022 Transit Connect, 2019-2020 MKZ, MKX,  Edge, Continental, F-150, Nautilus, Fusion, 2019-2023 Ranger, Mustang, 2020-2021 EcoSport, Expedition, Navigator, 2020-2022 Escape, F-250 SD, Corsair, 2020-2023 Aviator, Transit, 2020-2024 Explorer, 2021-2024 Bronco Sport, and 2022-2024 Maverick vehicles. A software error may cause the rearview camera to display a blank image, or the image may remain on the display after the backing event has ended.",A rearview camera that displays a blank image can reduce the driver's view behind the vehicle. A rearview image that continues to be displayed after the vehicle is shifted out of reverse may distract the driver. Both of these situations can increase the risk of a crash.,"Dealers will update the rearview camera software, free of charge. Owner notification letters were mailed September 4, 2025. Owners may contact Ford customer service at 1-866-436-7332. Ford's number for this recall is 25S72."
25V455000,Ford Motor Company,CAN-Bus & Ağ Haberleşme Arızaları,"FUEL SYSTEM, GASOLINE:DELIVERY:FUEL PUMP",,HAYIR,5,Ford F-150 (2021); Ford F-150 (2022); Ford Explorer (2022) (+2 diğer),"Ford Motor Company (Ford) is recalling certain 2021-2023 Bronco, Explorer, Lincoln Aviator, F-250 SD, F-350 SD, F-450 SD,  F-550 SD, 2021-2022 Lincoln Navigator, Mustang, F-150, and 2022 Expedition vehicles. The low-pressure fuel pump may fail, which can result in an engine stall while driving.",An engine stall increases the risk of a crash.,"Dealers will replace the low pressure fuel pump on super duty vehicles and update the powertrain control module (PCM) software on all other affected vehicles, free of charge. Owner notification letters were mailed July 27, 2026. Owners may contact Ford customer service at 1-866-436-7332. Ford's number for this recall is 25S75."
25V470000,"BMW of North America, LLC",Yüksek Voltaj (HV) & Batarya Yönetimi (BMS),ELECTRICAL SYSTEM:PROPULSION SYSTEM:TRACTION BATTERY,High Voltage BMS & Power Distribution,HAYIR,3,Bmw I4 (2022); Bmw I4 (2023); Bmw Ix (2022),"BMW of North America, LLC (BMW) is recalling certain 2022-2025 IX, 2023-2024 I7, and 2022-2023 i4 vehicles. The high-voltage battery cell modules may not have been assembled properly, resulting in stress on the module frame and possible module failure.","Battery module failure may lead to a shutdown of the high-voltage system which can result in a loss of drive power, increasing the risk of a crash.  In addition, module failure increases the risk of a fire.","Dealers will replace specific high-voltage battery cell modules, free of charge. Interim owner notification letters explaining the safety risk were mailed September 11, 2025. Another notice will be sent once the remedy becomes available, anticipated December 31, 2025Owners may contact BMW customer service at 1-800-525-7417."
25V512000,Ford Motor Company,CAN-Bus & Ağ Haberleşme Arızaları,POWER TRAIN:AXLE HUBS,,HAYIR,1,Ford F-150 (2023),"Ford Motor Company (Ford) is recalling certain 2023-2025 F-150 vehicles equipped with the Trailer Tow Max Duty package and a 9.75-inch heavy duty axle with a 3/4 float axle design. The rear axle hub bolt may fatigue and break, which can result in damage to the axle hub splines.",Damaged axle hub splines can result in a vehicle rollaway when in park without the parking brake applied or cause a loss of drive power. Either of these conditions can increase the risk of a crash.,"Dealers will replace the left and right rear axle shaft assemblies, free of charge. This is a phased recall.  Ford owners will receive letters in multiple phases, beginning August 2025 through Winter 2025. Phase 1 will include 2023 F-150 model year vehicles. Phase 2 will include 2025 F-150 model year vehicles and Phase 3 will include 2024  F-150 model year vehicles. Interim owner notification letters informing owners of the safety risk were mailed August 22, 2025. Owner notification letters were mailed August 22, 2025. Owners may contact Ford customer service at 1-866-436-7332. Ford's number for this recall is 25S82. This recall expands previous NHTSA recall number 23V896."
25V515000,Ford Motor Company,Gövde Elektroniği & Aydınlatma Kontrolü (BCM),EXTERIOR LIGHTING:LIGHTING CONTROL MODULE,Body Control Module (BCM),HAYIR,1,Ford F-150 (2022),"Ford Motor Company (Ford) is recalling certain 2022 F-150 vehicles that were repaired incorrectly under recalls 22V686 and 23V802. The parking lights may flicker when the headlights are activated. As such, these vehicles fail to comply with the requirements of Federal Motor Vehicle Safety Standard number 108, ""Lamps, Reflective Devices, and Associated Equipment.""","Flickering parking lights can reduce visibility, increasing the risk of a crash.","Dealers will replace the light emitting diode control module and update the software, free of charge. Owner notification letters were mailed August 20, 2025. Owners may contact Ford customer service at 1-866-436-7332. Ford's number for this recall is 25C38."
25V517000,Ford Motor Company,Gövde Elektroniği & Aydınlatma Kontrolü (BCM),EXTERIOR LIGHTING:LIGHTING CONTROL MODULE,Body Control Module (BCM),HAYIR,1,Ford F-150 (2022),"Ford Motor Company (Ford) is recalling certain 2022 F-150 vehicles that were repaired incorrectly under recall 22V686. The parking lights may flicker when the headlights are activated.  As such, these vehicles fail to comply with the requirements of Federal Motor Vehicle Safety Standard number 108, ""Lamps, Reflective Devices, and Associated Equipment.""","Flickering parking lights can reduce visibility, increasing the risk of a crash.","Dealers will replace the light emitting diode control module and update the software, free of charge. Owner notification letters were mailed September 12, 2025. Owners may contact Ford customer service at 1-866-436-7332. Ford's number for this recall is 25C37."
25V576000,"Chrysler (FCA US, LLC)",ECU / Gateway Yazılım & Kalibrasyon (OTA),ELECTRICAL SYSTEM:PROPULSION SYSTEM,,HAYIR,1,Jeep Grand Cherokee (2022),"Chrysler (FCA US, LLC) is recalling certain 2022-2026 Jeep Grand Cherokee Plug-In Hybrid Electric (PHEV) vehicles. A software error within the hybrid control processor may result in a loss of drive power.",A loss of drive power increases the risk of a crash.,"Dealers will update the hybrid control processer software, free of charge. Owner notification letters were mailed October 14, 2025. Owners may contact Chrysler customer service at 800-853-1403. Chrysler's number for this recall is 73C. Vehicle Identification Numbers (VINs) involved in this recall will be searchable on NHTSA.gov beginning September 11, 2025."
25V636000,"BMW of North America, LLC",ECU / Gateway Yazılım & Kalibrasyon (OTA),ELECTRICAL SYSTEM:STARTER ASSEMBLY:RELAY,,HAYIR,2,Bmw 330I (2020); Bmw 330I (2021),"BMW of North America, LLC (BMW) is recalling certain 2019-2021 BMW 330i, 2019-2022 BMW Z4, 2020-2022 BMW 530i, X3, X4, Toyota Supra, 2021-2022 BMW 430i, 430i Convertible, and 2022 BMW 230i vehicles. The engine starter relay may corrode, causing the relay to overheat and short circuit.",A short circuit in the starter relay may increase the risk of a fire.,"Owners are advised to park their vehicles outside and away from structures until the remedy is complete. Dealers will replace the engine starter, free of charge. Owner notification letters were mailed February 6, 2026. Owners may contact BMW customer service at 1-800-525-7417.  Vehicle Identification Numbers (VINs) involved in this recall became searchable on NHTSA.gov November 14, 2025."
25V657000,Toyota Motor Engineering & Manufacturing,ECU / Gateway Yazılım & Kalibrasyon (OTA),BACK OVER PREVENTION:SOFTWARE,Instrument Cluster & HMI Display,HAYIR,1,Toyota Tundra (2022),"Toyota Motor Engineering & Manufacturing (Toyota) is recalling certain 2022-2025 Tundra, Tundra Hybrid, and 2023-2025 Sequoia Hybrid vehicles. A software error may cause the rearview image not to display when the vehicle is placed in reverse. As such, these vehicles fail to comply with the requirements of Federal Motor Vehicle Safety Standard (FMVSS) number 111, ""Rear Visibility.""","A rearview image that does not display reduces the driver's view behind the vehicle, increasing the risk of a crash.","Dealers will update the multimedia display software, free of charge. Owner notification letters were mailed November 19, 2025. Owners may contact Toyota's customer service at 1-800-331-4331. Toyota's numbers for this recall are 25TB10 and 25TA10."
25V729000,Ford Motor Company,CAN-Bus & Ağ Haberleşme Arızaları,VISIBILITY:SUN/MOON ROOF ASSEMBLY,,HAYIR,4,Ford F-150 (2021); Ford F-150 (2022); Ford F-150 (2023) (+1 diğer),"Ford Motor Company (Ford) is recalling certain 2021-2022 Expedition, Lincoln Navigator, 2021-2023 F-150, 2022 F-250 SD, F-350 SD, and F-450 SD vehicles. The moonroof wind deflector clips may be inadequately attached to the moonroof frame, which can result in the wind deflector detaching from the vehicle.",A detached wind deflector can become a road hazard and increase the risk of a crash.,"Dealers will inspect and repair the moonroof wind deflector as necessary, free of charge. Owner notification letters were mailed November 10, 2025. Owners may contact Ford customer service at 1-866-436-7332. Ford's number for this recall is 25SB7. Vehicle Identification Numbers (VINs) involved in this recall will be searchable on NHTSA.gov beginning October 30, 2025."
25V741000,"Chrysler (FCA US, LLC)",Yüksek Voltaj (HV) & Batarya Yönetimi (BMS),ELECTRICAL SYSTEM:PROPULSION SYSTEM:TRACTION BATTERY,High Voltage BMS & Power Distribution,HAYIR,3,Jeep Grand Cherokee (2022); Jeep Wrangler (2021); Jeep Wrangler (2022),"Chrysler (FCA US, LLC) is recalling certain 2020-2025 Jeep Wrangler 4Xe and 2022-2026 Grand Cherokee 4Xe vehicles. The high voltage battery may fail internally and lead to a vehicle fire while parked or driving.",A vehicle fire can increase the risk of injury.,"Owners are advised to park outside and away from structures and not to charge their vehicles until the remedy is completed. Dealers will update the high voltage battery software, and replace the high voltage battery, as necessary, free of charge. Some owner notification letters were mailed beginning December 17, 2025. The remaining owner notification letters will be mailed at a later date.  Owners may contact Chrysler customer service at 800-853-1403. Chrysler's number for this recall is 68C. Vehicle Identification Numbers (VINs) involved in this recall will be searchable on NHTSA.gov beginning November 6, 2025. Vehicles that were previously recalled for the same issue under NHTSA Recalls 24V720 and 23V787 will need to have the new remedy performed."
25V744000,Toyota Motor Engineering & Manufacturing,ECU / Gateway Yazılım & Kalibrasyon (OTA),BACK OVER PREVENTION:DISPLAY FUNCTION,Instrument Cluster & HMI Display,HAYIR,1,Toyota Prius (2023),"Toyota Motor Engineering & Manufacturing (Toyota) is recalling certain 2022-2026 Toyota, Lexus, and Subaru Solterra vehicles equipped with a Panoramic View Monitor (PVM) system. Please see the recall report for a complete list of models. A software error may cause the rearview camera to freeze or display a blank screen when the vehicle is in reverse. As such, these vehicles fail to comply with the requirements of Federal Motor Vehicle Safety Standard (FMVSS) number 111, ""Rear Visibility.""","A rearview camera that fails to display an image can reduce the driver's view behind the vehicle, increasing the risk of a crash.","Dealers will update the parking assist software, free of charge. Owner letters were mailed January 2, 2026. Owners may contact Toyota's customer service at 1-800-331-4331. Toyota's numbers for this recall are 25TB13 and 25LB06. Subaru's number for this recall is WRE25."
25V765000,"Chrysler (FCA US, LLC)","Elektronik Şasi, Fren & Direksiyon Kontrolü",AIR BAGS:FRONTAL,Electronic Power Steering (EPS),HAYIR,2,Ram 1500 (2021); Ram 1500 (2022),"Chrysler (FCA US, LLC) is recalling certain 2021-2022 Ram 1500, Ram 2500, Ram 3500, Ram 4500, and Ram 5500 vehicles. The steering column control module may cause the driver's side air bag not to deploy as intended. As such, these vehicles fail to comply with the requirements of Federal Motor Vehicle Safety Standard number 208, ""Occupant Crash Protection.""",A driver's side air bag that does not deploy as intended increases the risk of injury in a crash.,"Dealers will replace the steering column control module, free of charge. Owner notification letters were mailed beginning December 11, 2025. Owners may contact Chrysler customer service at 800-853-1403. Chrysler's number for this recall is 14C. Vehicle Identification Numbers (VINs) involved in this recall became searchable on NHTSA.gov beginning November 13, 2025."
25V767000,Toyota Motor Engineering & Manufacturing,CAN-Bus & Ağ Haberleşme Arızaları,ENGINE AND ENGINE COOLING:ENGINE:HARD PARTS INTERNAL/MECHANICAL,,HAYIR,1,Toyota Tundra (2022),"Toyota Motor Engineering & Manufacturing (Toyota) is recalling certain 2022-2024 Toyota Tundra, Lexus LX, and 2024 Lexus GX vehicles equipped with a V35A engine. Debris from the manufacturing process may contaminate the engine and cause the main bearings to fail, which can result in an engine stall and loss of drive power.",A loss of drive power increases the risk of a crash.,"Dealers will perform an inspection on the #1 main bearing using vehicle inspection software and drive data, and if necessary, replace the engine. Repairs will be performed free of charge. Owner letters were mailed August 28, 2026. Owners may contact Toyota's customer service at 1-800-331-4331. Toyota's numbers for this recall are 25TB14 and 25TA14. Lexus' numbers for this recall are 25LB07 and 25LA07. This recall expands previous NHTSA recall number 24V381."
25V796000,Hyundai Motor America,CAN-Bus & Ağ Haberleşme Arızaları,"FUEL SYSTEM, GASOLINE",,HAYIR,1,Hyundai Sonata (2021),"Hyundai Motor America (Hyundai) is recalling certain 2020-2023 Sonata vehicles. A damaged check valve can allow air to enter the fuel tank, causing it to expand and contact hot exhaust components, melting the tank.","A melted fuel tank can leak, increasing the risk of a fire.","Dealers will inspect and replace the check valve. The fuel tank assembly will be inspected for damage and replaced if necessary. Additionally, dealers will inspect and update the engine control unit software. All repairs will be performed as necessary, free of charge. Owner notification letters were mailed beginning March 13, 2026. Owners may contact Hyundai customer service at 1-855-371-9460. Hyundai's number for this recall is 286. Vehicle Identification Numbers (VINs) involved in this recall became searchable on NHTSA.gov on November 19, 2025."
25V829000,Ford Motor Company,Otomotiv Elektrik & Güç Dağıtım Sistemleri,STRUCTURE:BODY:HATCHBACK/LIFTGATE:HINGE AND ATTACHMENTS,,HAYIR,1,Ford Escape (2021),Ford Motor Company (Ford) is recalling certain 2020-2022 Escape and 2025 Escape vehicles. The liftgate hinge covers may not be properly secured and detach from the vehicle.,"A detached liftgate hinge cover can create a distraction or a road hazard, increasing the risk of a crash.","Dealers will inspect and reinstall, or replace any missing liftgate hinge covers as necessary, free of charge. Owner notification letters were mailed June 3, 2026. Owners may contact Ford customer service at 1-866-436-7332.  Ford's number for this recall is 25SD6. Vehicle Identification Numbers (VINs) involved in this recall became searchable on NHTSA.gov on December 3, 2025."
25V836000,"Volkswagen Group of America, Inc.",CAN-Bus & Ağ Haberleşme Arızaları,ELECTRICAL SYSTEM:PROPULSION SYSTEM:TRACTION BATTERY,High Voltage BMS & Power Distribution,HAYIR,1,Volkswagen Id.4 (2023),"Volkswagen Group of America, Inc. (Volkswagen) is recalling certain 2023-2024 ID.4 vehicles. The high voltage (HV) battery cell modules may contain misaligned electrodes that can result in a battery fire.",A vehicle fire while parked or driving can increase the risk of injury.,"Owners are advised to park outside immediately after charging and not leave their vehicles charging indoors overnight until the recall repair is complete.  Also, owners are advised not to use Level 3 DC chargers and to limit the maximum charge of the battery to 80% until the remedy has been completed. Dealers will replace the high voltage battery cell modules as necessary, free of charge. Owner notification letters were mailed February 11, 2026. Owners may contact Volkswagen customer service at 1-800-893-5298. Volkswagen's number for this recall is 93EV. Vehicle Identification Numbers (VINs) involved in this recall became searchable on NHTSA.gov on December 5, 2025."
25V888000,Ford Motor Company,ECU / Gateway Yazılım & Kalibrasyon (OTA),BACK OVER PREVENTION: SENSING SYSTEM: CAMERA,Instrument Cluster & HMI Display,HAYIR,1,Ford Bronco (2022),"Ford Motor Company (Ford) is recalling certain 2021-2022 Bronco vehicles equipped with 8-inch SYNC infotainment screens that were previously repaired incorrectly under recall number 23V165. The rearview camera image may still be displayed after a backing event has ended.  As such, these vehicles fail to comply with the requirements of Federal Motor Vehicle Safety Standard number 111, ""Rear Visibility.""","A rearview image that continues to be displayed after the vehicle is shifted out of reverse may distract the driver, increasing the risk of a crash.","Dealer will update the SYNC module software ,free of charge. Owner notification letters were mailed January 28, 2026. Owners may contact Ford customer service at 1-866-436-7332. Ford's number for this recall is 25C72. Vehicle Identification Numbers (VINs) involved in this recall will be searchable on NHTSA.gov beginning January 30, 2026."
25V893000,Hyundai Motor America,Gövde Elektroniği & Aydınlatma Kontrolü (BCM),TRAILER HITCHES,Wiring Harness & Bus Physical Layer,HAYIR,1,Hyundai Tucson (2022),"Hyundai Motor America (Hyundai) is recalling certain 2022-2024 Tucson vehicles equipped with an optional Mobis tow hitch wiring harness. The wiring harness may have been installed incorrectly, allowing water into the control module. Moisture accumulation may cause the trailer lighting to fail or an electrical short circuit.",Nonfunctioning trailer lights can increase the risk of a crash. A short circuit can increase the risk of a fire.,"Owners are advised to park outside and away from structures until the recall repair is complete. Dealers will remove the trailer wiring harness and install a dust cap over the wiring receptacle, free of charge. Owner notification letters were mailed May 11, 2026. Owners may contact Hyundai customer service at 1-855-371-9460. Hyundai's number for this recall is 290. Vehicle Identification Numbers (VINs) involved in this recall  became searchable on NHTSA.gov on December 20, 2025."
25V900000,"Volkswagen Group of America, Inc.",ECU / Gateway Yazılım & Kalibrasyon (OTA),BACK OVER PREVENTION: SENSING SYSTEM: CAMERA,Instrument Cluster & HMI Display,HAYIR,2,Audi E-Tron (2021); Audi E-Tron (2022),"Volkswagen Group of America, Inc. (Audi) is recalling certain 2019-2026 vehicles. Please see the recall report for a complete list of models. A software error may prevent the rearview camera image from displaying as intended.  As such, these vehicles fail to comply with the requirements of Federal Motor Vehicle Safety Standard number 111, ""Rear Visibility.""","A rearview image that does not display reduces the driver's view behind the vehicle, increasing the risk of a crash.","Dealers will update the software, free of charge. Owner notification letters were mailed January 14, 2026. Owners may contact Audi customer service at 1-800-253-2834.  Audi's number for this recall is 90TV. Vehicle Identification Numbers (VINs) involved in this recall became searchable on NHTSA.gov on December 23, 2025."
25V908000,"Volvo Car USA, LLC",ECU / Gateway Yazılım & Kalibrasyon (OTA),BACK OVER PREVENTION:SOFTWARE,Instrument Cluster & HMI Display,HAYIR,1,Volvo Xc60 (2022),"Volvo Car USA, LLC (Volvo Car) is recalling certain 2021-2025 XC40, 2022 V90, 2022-2024 C40BEV, 2022-2025 S90, V90CC, XC60, 2023-2025 S60, V60, V60CC, XC90, and 2025 EC40, and EX40 vehicles. The rearview camera image may not display when the vehicle is placed in reverse. As such, these vehicles fail to comply with the requirements of Federal Motor Vehicle Safety Standard number 111, ""Rear Visibility.""","A rearview camera image that does not display reduces the driver's view behind the vehicle, increasing the risk of a crash.","The software will be updated by a dealer or through an over-the-air (OTA) update, free of charge. Owner notification letters were mailed February 24, 2026. Owners may contact Volvo Car’s customer service at 1-800-458-1552. Volvo Car's number for this recall is R10333. Vehicle Identification Numbers (VINs) involved in this recall will be searchable on NHTSA.gov beginning February 16, 2026. This recall replaces previous NHTSA recall number 25V282. Vehicles previously repaired under recall 25V282 will need to have the new remedy performed."
26V028000,"Volkswagen Group of America, Inc.",CAN-Bus & Ağ Haberleşme Arızaları,ELECTRICAL SYSTEM:PROPULSION SYSTEM:TRACTION BATTERY,High Voltage BMS & Power Distribution,HAYIR,1,Volkswagen Id.4 (2023),"Volkswagen Group of America, Inc. (Volkswagen) is recalling certain 2023-2024 ID.4 vehicles. The high voltage (HV) battery cell modules may contain misaligned electrodes that can result in a battery fire.",A vehicle fire while parked or driving can increase the risk of injury.,"Owners are advised to park outside immediately after charging and not leave their vehicles charging indoors overnight until the recall repair is complete.  Also, owners are advised not to use Level 3 DC chargers and to limit the maximum charge of the battery to 80% until the remedy has been completed. Dealers will replace the high voltage battery cell modules as necessary, free of charge. Owner notification letters were mailed March 18, 2026. Owners may contact Volkswagen customer service at 1-800-893-5298. Volkswagen's number for this recall is 93EW. Vehicle Identification Numbers (VINs) involved in this recall became searchable on NHTSA.gov on January 23, 2026."
26V030000,"Volkswagen Group of America, Inc.",Yüksek Voltaj (HV) & Batarya Yönetimi (BMS),ELECTRICAL SYSTEM:PROPULSION SYSTEM:TRACTION BATTERY,High Voltage BMS & Power Distribution,HAYIR,1,Volkswagen Id.4 (2023),"Volkswagen Group of America, Inc. (Volkswagen) is recalling certain 2023-2025 ID.4 vehicles. The high-voltage battery may overheat.",A high-voltage battery that overheats increases the risk of a fire.,"Dealers will update the high-voltage battery software, and replace the high-voltage battery, as necessary, free of charge. Owner notification letters were mailed March 18, 2026. Owners may contact Volkswagen customer service at 1-800-893-5298. Volkswagen's number for this recall is 93EA. Vehicle Identification Numbers (VINs) involved in this recall became searchable on NHTSA.gov on January 23, 2026."
26V049000,Toyota Motor Engineering & Manufacturing,ECU / Gateway Yazılım & Kalibrasyon (OTA),ELECTRICAL SYSTEM:WIRING:SWITCHES/KNOBS/BUTTONS,Wiring Harness & Bus Physical Layer,HAYIR,1,Toyota Prius (2023),"Toyota Motor Engineering & Manufacturing (Toyota) is recalling certain 2023-2024 Prius Prime, 2023-2026 Prius, and 2025-2026 Prius Plug-in Hybrid vehicles. Water may enter the rear door switch and cause a short circuit, allowing an unlocked rear door to open unexpectedly.",A door that unexpectedly opens while the vehicle is moving increases the risk of injury.,"Dealers will modify the rear door switch circuits, free of charge. Owner letters were mailed July 13, 2026. Owners may contact Toyota's customer service at 1-800-331-4331. Toyota's numbers for this recall are 26TB03 and 26TA03. This recall expands and replaces NHTSA recall number 24V274. Vehicles repaired under the previous recall will need to have the new remedy performed."
26V056000,"BMW of North America, LLC",ECU / Gateway Yazılım & Kalibrasyon (OTA),ELECTRICAL SYSTEM:STARTER ASSEMBLY,,HAYIR,2,Bmw 330I (2021); Bmw 330I (2022),"BMW of North America, LLC (BMW) is recalling certain 2021-2023 Toyota Supra, 2022-2023 2 Series Coupe, 2021-2024 5 Series (xDrive), 2021-2022 Z4, 2022-2024 4 Series (Gran Coupe), 2021-2024 4 Series (Convertible and xDrive Convertible), 2021-2023 4 Series (Coupe), 2021-2024 3 Series, 2021-2023 X4, 2021-2024 X3 vehicles. Please see the recall report for a complete list of all models. The engine starter may overheat and catch fire due to wear on an internal component.",Fire increases the risk of injury.,"Dealers will replace the engine starter, free of charge. Owner notification letters were mailed July 21, 2026. Owners may contact BMW customer service at 1-800-525-7417 or Toyota's customer service at 1-800-331-4331. Vehicle Identification Numbers (VINs) involved in this recall will be searchable on NHTSA.gov beginning March 24, 2026."
26V083000,"General Motors, LLC",ECU / Gateway Yazılım & Kalibrasyon (OTA),POWER TRAIN:AUTOMATIC TRANSMISSION:CONTROL MODULE:SOFTWARE,,HAYIR,3,Chevrolet Silverado 1500 (2021); Chevrolet Silverado 1500 (2022); Gmc Sierra 1500 (2022),"General Motors, LLC is recalling certain 2020 Chevrolet Silverado 2500, 3500, GMC Sierra 2500, 3500, and 2020-2022 Chevrolet Silverado 1500 and GMC Sierra 1500 vehicles that may have been repaired incorrectly under recall 24V797. The transmission control valve may fail and cause the rear wheels to lock up.",Rear wheel lock up increases the risk of a crash.,"Dealers will inspect the vehicles and update the transmission control software, free of charge. Owner notification letters were mailed March 6, 2026. Owners may contact GMC customer service at 1-800-462-8782 or Chevrolet customer service at 1-800-222-1020.  GM's number for this recall is N252516560. Vehicle Identification Numbers (VINs) involved in this recall became searchable on NHTSA.gov on February 12, 2026."
26V104000,Ford Motor Company,CAN-Bus & Ağ Haberleşme Arızaları,ELECTRICAL SYSTEM: INTEGRATED TRAILER BRAKE CONTROL,Braking & Chassis Module,HAYIR,4,Ford F-150 (2021); Ford F-150 (2022); Ford F-150 (2023) (+1 diğer),"Ford Motor Company (Ford) is recalling certain 2021-2026 F-150, 2022-2026 F-250 SD, F-350 SD, F-450 SD, F-550 SD, Maverick, 2024-2026 Ranger, 2023-2026 F-600 SD, 2022-2027 Lincoln Navigator, Expedition, and 2026 E-Transit vehicles. When towing a trailer, the integrated trailer module (ITRM) may lose communication with the vehicle, possibly causing a loss of brake and turn signal lights, or a loss of brake function. As such, these vehicles fail to comply with the requirements of Federal Motor Vehicle Safety Standard number 108, "" Lamps, Reflective Devices, and Associated Equipment.""","Trailer lights or brakes that do not function can reduce the driver’s ability to control the trailer and decrease the trailers visibility to other road users, increasing the risk of a crash.","The integrated trailer module software will be updated by a dealer, or through an over-the-air (OTA) update, free of charge. Owner notification letters were mailed March 25, 2026. Owners may contact Ford customer service at 1-866-436-7332. Ford's number for this recall is 26C10. Vehicle Identification Numbers (VINs) involved in this recall will be searchable on NHTSA.gov beginning March 17, 2026."
26V123000,Ford Motor Company,ECU / Gateway Yazılım & Kalibrasyon (OTA),BACK OVER PREVENTION:SOFTWARE,Instrument Cluster & HMI Display,HAYIR,3,Ford Explorer (2020); Ford Explorer (2022); Ford Escape (2021),"Ford Motor Company (Ford) is recalling certain 2020-2022 Escape, Lincoln Corsair, 2020-2024 Lincoln Aviator, and Explorer vehicles. The image on the center display may flip or invert, resulting in an incorrectly displayed rearview image when the vehicle is placed in reverse. As such, these vehicles fail to comply with the requirements of Federal Motor Vehicle Safety Standard number 111, ""Rear Visibility.""","An incorrectly displayed rearview image can reduce the driver’s view behind the vehicle, increasing the risk of a crash.","Dealers will update the accessory protocol interface module (APIM) software, free of charge. Owner notification letters were mailed June 23, 2026. Owners may contact Ford customer service at 1-866-436-7332. Ford's number for this recall is 26C11. Vehicle Identification Numbers (VINs) involved in this recall became searchable on NHTSA.gov on March 5, 2026."
26V124000,Ford Motor Company,CAN-Bus & Ağ Haberleşme Arızaları,BACK OVER PREVENTION:SOFTWARE,Instrument Cluster & HMI Display,HAYIR,1,Ford Bronco (2022),"Ford Motor Company (Ford) is recalling certain 2021-2026 Ford Bronco and 2021-2024 Ford Edge vehicles. The Accessory Protocol Interface Module (APIM) may overheat and shutdown, which can prevent the rearview camera image from displaying as intended.","A rearview camera that fails to display an image can reduce the driver’s view behind the vehicle, increasing the risk of a crash.","The APIM software will be updated by a dealer, or through an over-the-air (OTA) update, free of charge. Owner notification letters were mailed April 13, 2026. Owners may contact Ford Customer Service at 1-866-436-7332. Ford's number for this recall is 26S09. Vehicle Identification Numbers (VINs) involved in this recall became searchable on NHTSA.gov on March 5, 2026."
26V128000,Toyota Motor Engineering & Manufacturing,ECU / Gateway Yazılım & Kalibrasyon (OTA),SEATS:MID/REAR ASSEMBLY:RECLINER,,HAYIR,1,Toyota Highlander (2022),Toyota Motor Engineering & Manufacturing (Toyota) is recalling certain 2021-2024 Highlander and Highlander Hybrid vehicles. The second-row seat backs may fail to lock into position during seat back adjustment.,"A seat back that fails to lock may not properly restrain an occupant during a crash, increasing the risk of injury.","Dealers will replace the return springs in the seat back recliner assemblies, free of charge. Interim letters notifying owners of the safety risk were mailed April 27, 2026. Additional letters will be sent once the final remedy is available, anticipated August 27, 2026. This is a phased recall. Owners may contact Toyota’s customer service at 1-800-331-4331. Toyota's numbers for this recall are 26TB06 and 26TA06."
26V159000,Ford Motor Company,Otomotiv Elektrik & Güç Dağıtım Sistemleri,SEAT BELTS,,HAYIR,2,Ford Explorer (2020); Ford Explorer (2022),Ford Motor Company (Ford) is recalling certain 2020-2026 Explorer and Lincoln Aviator vehicles. The seat belt anchor bolts at the second-row outer seating positions may be improperly secured.,"A loose seat belt buckle may not properly restrain an occupant during a crash, increasing the risk of injury.","Dealers will inspect the second-row outer seat belt lower anchor bolts and replace or repair them as necessary, free of charge. Owner notification letters were mailed March 30, 2026. Owners may contact Ford customer service at 1-866-436-7332. Ford's number for this recall is 26C18. Vehicle Identification Numbers (VINs) involved in this recall became searchable on NHTSA.gov on March 19, 2026."
26V165000,Ford Motor Company,ECU / Gateway Yazılım & Kalibrasyon (OTA),BACK OVER PREVENTION:SOFTWARE,Instrument Cluster & HMI Display; ADAS & Autonomous Driving Sensors; Wiring Harness & Bus Physical Layer,HAYIR,1,Lincoln Navigator (2022),"Ford Motor Company (Ford) is recalling certain 2022-2025 Lincoln Navigator, 2024-2025 Lincoln Nautilus, 2025 Lincoln Aviator and Explorer vehicles. The Image Processing Module A (IPMA) may experience multiple unexpected resets, resulting in loss of the rearview camera image and advanced driver assistance (ADAS) features, including pre-collision assist, lane-keeping assist, and blind-spot monitoring.","Loss of the rearview camera image and certain driver assistance features, can reduce the driver’s ability to detect hazards, increasing the risk of a crash.","The Image Processing Module A software will be updated by a dealer, or through an over-the-air (OTA) update, free of charge. This is a Phased campaign. Phase 1 will include 2025 Aviator, 2025 Explorer, 2025 Nautilus notified owners on 4/13/2026. Phase 2 will include 2025 Navigator will notify owners on or about 4/20/2026. Phase 3 will include 2022-2024 Navigator will notify owners on or about 6/8/2026. Phase 4 will include 2024 Nautilus will notify owners on or about 6/22/2026. Owner notification letters were mailed April 13, 2026. Owners may contact Ford customer service at 1-866-436-7332. Ford's number for this recall is 26S21. Vehicle Identification Numbers (VINs) involved in this recall will be searchable on NHTSA.gov beginning March 25, 2026."
26V283000,"Tesla, Inc.",ECU / Gateway Yazılım & Kalibrasyon (OTA),BACK OVER PREVENTION:SOFTWARE,Instrument Cluster & HMI Display,HAYIR,8,Tesla Model 3 (2021); Tesla Model 3 (2022); Tesla Model 3 (2023) (+5 diğer),"Tesla, Inc. (Tesla) is recalling certain 2017, 2021-2023 Model 3, 2020-2023 Model Y, 2021-2023 Model S, and Model X vehicles operating software version 2026.8.6. The rearview camera image may be delayed when the vehicle is placed in reverse. As such, these vehicles fail to comply with the requirements of Federal Motor Vehicle Safety Standard number 111, ""Rear Visibility.""","A delayed rearview image reduces the driver's view behind the vehicle, increasing the risk of a crash.","Tesla has released an over-the-air (OTA) software update, free of charge. Owner notification letters were mailed July 3, 2026. Owners may contact Tesla customer service at 1-877-798-3752. Tesla's number for this recall is SB-26-00-001."
26V299000,Ford Motor Company,CAN-Bus & Ağ Haberleşme Arızaları,STRUCTURE:BODY:ROOF AND PILLARS,,HAYIR,1,Ford Bronco (2022),"Ford Motor Company (Ford) is recalling certain 2021-2022 Bronco vehicles. The 3-door and 5-door Molded-In-Color (MIC) hardtop roof panels may have been manufactured improperly, which can allow sections of the outer roof panel to separate and detach from the vehicle.","A detached section of roof can create a road hazard, increasing the risk of a crash.","Dealers will inspect and replace the hard top as necessary, free of charge. Interim letters, notifying owners of the safety risk were mailed May 28, 2026. Additional letters will be sent once the remedy is available, anticipated in November 2026. Owners may contact Ford customer service at 1-866-436-7332. Ford's number for this recall is 26S32. Vehicle Identification Numbers (VINs) involved in this recall became searchable on NHTSA.gov on May 12, 2026."
26V328000,"Chrysler (FCA US, LLC)",ECU / Gateway Yazılım & Kalibrasyon (OTA),AIR BAGS: AIR BAG/RESTRAINT CONTROL MODULE:SOFTWARE,,HAYIR,1,Jeep Grand Cherokee (2022),"Chrysler (FCA US, LLC) is recalling certain 2022-2026 Jeep Grand Cherokee and 2023-2025 Jeep Grand Cherokee L vehicles. A software error in the occupant restraint controller module may cause the delayed deployment of the side air bags during a crash. As such, these vehicles fail to comply with the requirements of Federal Motor Vehicle Safety Standard number 214, ""Side Impact Protection.""",Delayed air bag deployment during a crash increases the risk of injury.,"Dealers will update the occupant restraint controller module software, free of charge. Some owner notification letters are expected to be mailed June 18, 2026. Owners may contact Chrysler customer service at 800-853-1403. Chrysler's number for this recall is 01D. Vehicle Identification Numbers (VINs) involved in this recall will be searchable on NHTSA.gov on May 28, 2026."
26V363000,"Chrysler (FCA US, LLC)","Elektronik Şasi, Fren & Direksiyon Kontrolü",STEERING:HYDRAULIC POWER ASSIST:PUMP,Electronic Power Steering (EPS); Wiring Harness & Bus Physical Layer,HAYIR,3,Jeep Wrangler (2021); Jeep Wrangler (2022); Jeep Wrangler 4Xe (2022),"Chrysler (FCA US, LLC) is recalling certain 2021-2025 Jeep Wrangler, Wrangler 4XE, and Jeep Gladiator vehicles. The electric hydraulic power steering pump wiring may overheat and cause a vehicle fire, even when the vehicle is parked with the ignition in the ""Off"" position.",A vehicle fire increases the risk of injury.,"Owners are advised to park outside and away from structures, until their vehicle is repaired. Dealers will inspect and replace the wiring and electric hydraulic power steering pump, as necessary, free of charge. Owner notification letters are expected to be mailed July 9, 2026. Owners may contact FCA US LLC customer service at 1-800-853-1403. FCA US LLC's number for this recall is 21D. The Vehicle Identification Numbers (VINs) involved in this recall will become searchable on NHTSA.gov on June 11, 2026."
26V403000,Ford Motor Company,Otomotiv Elektrik & Güç Dağıtım Sistemleri,STRUCTURE:BODY,,HAYIR,1,Ford Bronco (2022),Ford Motor Company (Ford) is recalling certain 2022-2026 Bronco vehicles. The fender flares may not be properly secured and detach from the vehicle.,A detached fender flare can become a road hazard and increase the risk of a crash.,"Dealers will inspect and repair, or replace the fender flares as necessary, free of charge.  Interim letters, notifying owners of the safety risk, were mailed August 11, 2026. Additional letters will be sent once the remedy is available, anticipated in late August 2026. Owners may contact Ford customer service at 1-866-436-7332. Ford's number for this recall is 26S47. Vehicle Identification Numbers (VINs) involved in this recall will be searchable on NHTSA.gov beginning August 7, 2026."
26V413000,"Chrysler (FCA US, LLC)",ECU / Gateway Yazılım & Kalibrasyon (OTA),POWER TRAIN:AUTOMATIC TRANSMISSION:GEAR POSITION INDICATION (PRNDL),Instrument Cluster & HMI Display,HAYIR,1,Jeep Grand Cherokee (2022),"Chrysler (FCA US, LLC) is recalling certain 2022-2024 Jeep Grand Cherokee, 2023 Jeep Wagoneer, 2024 Jeep Grand Cherokee L, and Jeep Wagoneer L vehicles. A software error may cause the transmission gear selection indicator not to display. As such, these vehicles fail to comply with the requirements of Federal Motor Vehicle Safety Standard number 102, ""Transmission shift lever sequence, starter interlock, and transmission braking effect.""","A missing gear selection indicator may lead to unintended vehicle movement or a vehicle rollaway, increasing the risk of a crash.","Dealers will update the shifter module software, free of charge. Owner notification letters were mailed August 20, 2026. Owners may contact Chrysler customer service at 800-853-1403. Chrysler's number for this recall is 30D. Vehicle Identification Numbers (VINs) involved in this recall will become searchable on NHTSA.gov beginning July 9, 2026."
26V430000,"Kia America, Inc.",CAN-Bus & Ağ Haberleşme Arızaları,SEATS:FRONT ASSEMBLY:POWER ADJUST,,HAYIR,1,Kia Telluride (2022),"Kia America, Inc. (Kia) is recalling certain 2020-2024 Telluride vehicles. The front power seat motor may overheat due to a stuck power seat slide knob or an improper recall 24V407 repair, which can result in a fire while parked or driving.",A fire increases the risk of injury.,"Owners are advised to park outside and away from structures until the recall repair is complete. Dealers will install an electronic fuse assembly, free of charge. Owner notification letters are expected to be mailed August 13, 2026. Owners may contact Kia customer service at 1-800-333-4542. Kia's number for this recall is SC374. This recall replaces NHTSA recall number 24V407.  Vehicles already repaired under the previous recall will need to have the new remedy completed. Vehicle Identification Numbers (VINs) involved in this recall will become searchable on NHTSA.gov beginning July 17, 2026."
26V431000,"Kia America, Inc.",CAN-Bus & Ağ Haberleşme Arızaları,ELECTRICAL SYSTEM:PROPULSION SYSTEM:TRACTION BATTERY,High Voltage BMS & Power Distribution,HAYIR,2,Kia Ev6 (2022); Kia Ev6 (2023),"Kia America, Inc. (Kia) is recalling certain 2022-2024 EV6 and 2024 EV9 vehicles. The high voltage battery cells may contain misaligned electrodes, which can lead to a fire while parked or driving.",A fire increases the risk of injury.,"Owners are advised to park outside and away from structures and limit their charge to a maximum of 80% until the recall repair is complete. Dealers will replace the high voltage battery system assembly, free of charge. Owner notification letters are expected to be mailed August 7, 2026. Owners may contact Kia customer service at 1-800-333-4542. Kia's number for this recall is SC375. Vehicle Identification Numbers (VINs) involved in this recall will become searchable on NHTSA.gov beginning July 17, 2026."
26V432000,Hyundai Motor America,CAN-Bus & Ağ Haberleşme Arızaları,ELECTRICAL SYSTEM:PROPULSION SYSTEM:TRACTION BATTERY,High Voltage BMS & Power Distribution,HAYIR,1,Hyundai Ioniq 5 (2023),"Hyundai Motor America (Hyundai) is recalling certain 2023-2024 Ioniq 5 vehicles. The high voltage battery cells may contain misaligned electrodes, which can lead to a fire while parked or driving.",A fire increases the risk of injury.,"Owners are advised to park outside and away from structures and limit their charge to a maximum of 80% until the recall repair is complete. Dealers will replace the high voltage battery system assembly, free of charge. Owner notification letters are expected to be mailed August 31, 2026. Owners may contact Hyundai's customer service at 855-371-9460. Hyundai's number for this recall is 305. Vehicle Identification Numbers (VINs) involved in this recall became searchable on NHTSA.gov on July 3, 2026."
26V468000,Ford Motor Company,"Fiziksel Tesisat, Soket & CAN Hat Korozyonu",ENGINE,Wiring Harness & Bus Physical Layer,HAYIR,1,Ford Bronco (2022),Ford Motor Company (Ford) is recalling certain 2021-2026 Bronco and Bronco Raptor vehicles. The engine compartment wiring harness may become damaged and short circuit.,"A short circuit in the engine compartment can create heat or spark, increasing the risk of a fire.","Dealers will install sheathing over the wiring, free of charge. This is a Phased campaign. Phase 1 will include 2026 Bronco Raptor notified owners on 7/31/2026. Phase 2 will include 2021-2025 Bronco Raptor vehicle will notify owners on or about 8/14/2026. Phase 3 will include 2021-2026 Bronco will notify owners on or about 9/1/2026. Owner notification letters were mailed August 5, 2026. Owners may contact Ford customer service at 1-866-436-7332. Ford's number for this recall is 26S55. Vehicle Identification Numbers (VINs) involved in this recall became searchable on NHTSA.gov on July 23, 2026."
26V489000,Ford Motor Company,ECU / Gateway Yazılım & Kalibrasyon (OTA),BACK OVER PREVENTION:DISPLAY FUNCTION,Instrument Cluster & HMI Display,HAYIR,3,Ford F-150 (2021); Ford F-150 (2022); Ford F-150 (2023),"Ford Motor Company (Ford) is recalling certain 2021-2023 F-150 and 2023-2026 F-250 SD vehicles equipped with 8-inch SYNC infotainment screens. A software error may cause the rearview camera image to be obstructed by the infotainment home screen menu when the vehicle is placed in reverse. As such, these vehicles fail to comply with the requirements of Federal Motor Vehicle Safety Standard (FMVSS) number 111, ""Rear Visibility.""","An obstructed rearview camera image can reduce the driver's rear visibility, increasing the risk of a crash.","The accessory protocol interface module (APIM) software will be updated by a dealer or through an over-the-air (OTA) update, free of charge. Interim letters, notifying owners of the safety risk, were mailed August 7, 2026. Additional letters will be sent once the remedy is available, anticipated in September 2026. Owners may contact Ford customer service at 1-866-436-7332. Ford's number for this recall is 26C37. Vehicle Identification Numbers (VINs) involved in this recall became searchable on NHTSA.gov on July 31, 2026."
